id,name,ostan,shahrestan,bakhsh
1,آب انار,6,3,479
2,آب باران,13,12,177
3,آب باریک,22,248,817
4,آب بر,14,278,945
5,آب رییس,16,51,81
6,آب گرم,3,239,991
7,آب نما,29,209,725
8,آباده طشک,17,417,2
9,آبدان,7,190,3
10,آبروان,11,383,274
11,آبرومند,30,91,921
12,آبژدان,13,45,4
13,آبش احمد,1,333,5
14,آبشار,13,258,837
15,آبشور,17,170,432
16,آبعلی,8,184,288
17,آبکش,7,190,78
18,آبگرم,18,15,6
19,آبیدر,20,249,670
20,آجرلوی شرقی,2,398,64
21,آجرلوی غربی,2,398,64
22,آجم,23,343,263
23,آجی چای,1,112,795
24,آختاچی,2,88,613
25,آختاچی شرقی,2,88,366
26,آختاچی غربی,2,391,610
27,آختاچی محالی,2,88,366
28,آدران,5,326,8
29,آذری,12,30,765
30,آذغان,1,47,794
31,آرد,17,349,21
32,آرندان,20,249,670
33,آزادگان,27,355,603
34,آزادگان,21,207,624
35,آزادلو,3,353,1010
36,آزاده,13,196,998
37,آسارا,5,326,8
38,آسپاس,17,39,324
39,آستانه,28,259,785
40,آستانه,11,205,653
41,آسفیج,31,90,9
42,آسمان آباد,6,142,687
43,آسیاب,13,43,842
44,آشار,16,395,11
45,آشکارا,29,145,424
46,آشناخور,28,160,782
47,آغاجاری,13,12,852
48,آغمیون,1,230,796
49,آفتاب,8,122,12
50,آفریز,10,308,325
51,آق آباد,24,359,759
52,آق التین,24,13,761
53,آق بلاغ,14,151,323
54,آق سو,24,332,762
55,آق کهریز,28,227,1041
56,آگاهان,22,248,486
57,آلاداغ,12,64,766
58,آلان,2,238,608
59,آلان برآغوش,1,230,1015
60,آلمالو,1,427,1036
61,آلمه,12,371,349
62,آلیان,25,302,335
63,آواجیق جنوبی,2,138,252
64,آواجیق شمالی,2,138,252
65,آورزمان,30,385,321
66,آویز,17,291,875
67,آهندان,25,364,582
68,آهودشت,13,266,375
69,آیسک,10,232,14
70,ابتر,16,51,657
71,ابراهیم آباد,18,86,268
72,ابرج,17,379,247
73,ابرده,11,99,374
74,ابرشیوه,8,184,732
75,ابرغان,1,230,796
76,ابرو,30,429,918
77,ابریشم,4,300,892
78,ابوالفارس,13,197,15
79,ابوالوردی,17,102,123
80,ابوغویر,6,189,250
81,ابهررود,14,18,940
82,اترک,24,359,243
83,اترک,12,371,561
84,اجارودشرقی,3,353,1010
85,اجارودشمالی,3,353,744
86,اجارودغربی,3,353,744
87,اجارودمرکزی,3,353,744
88,احمد آباد مستوفی,8,33,16
89,احمدآباد,2,118,136
90,احمدآباد,17,39,209
91,احمدآباد,17,304,862
92,احمدآباد,5,409,960
93,احمدی,29,145,18
94,احمدسرگوراب,25,264,19
95,احمدفداله,13,177,393
96,اخترآباد,8,384,402
97,اختیارآباد,21,328,628
98,اخند,7,284,939
99,ادیمی,16,421,909
100,ارجستان,3,239,322
101,اردلان,1,230,1015
102,اردوغش,11,419,300
103,ارزوییه,21,24,883
104,ارزیل,1,423,217
105,ارسک,10,74,24
106,ارسی,1,128,806
107,ارشق شرقی,3,20,740
108,ارشق شمالی,3,382,25
109,ارشق غربی,3,382,568
110,ارشق مرکزی,3,382,25
111,ارکوازی,6,52,198
112,ارم,7,179,26
113,ارمند,9,149,27
114,ارمو,6,176,685
115,ارنان,31,396,713
116,ارودان,17,393,874
117,ازغند,11,390,369
118,ازگله,22,124,29
119,ازنا,26,153,928
120,ازومدل جنوبی,1,423,810
121,ازومدل شمالی,1,423,810
122,اسالم,25,281,30
123,اسبوکلا,27,54,589
124,اسپران,1,112,795
125,استای,11,275,172
126,استبرق,21,269,627
127,استخرپشت,27,411,1060
128,استرآباد,24,285,488
129,استرآبادجنوبی,24,350,756
130,استرآبادشمالی,24,350,105
131,اسحق آباد,11,419,300
132,اسفرجان,4,270,893
133,اسفندار,31,16,107
134,اسفندان,28,334,788
135,اسفندقه,21,134,623
136,اسفندک,16,231,1017
137,اسفیوردشوراب,27,224,593
138,اسکل آباد,16,148,1046
139,اسلام آباد,25,204,352
140,اسلام آباد,21,134,623
141,اسلام آباد,21,218,625
142,اسلام آباد,3,100,32
143,اسلامیه,21,207,624
144,اسماعیل آباد,16,148,659
145,اسماعیل آباد,8,92,102
146,اسماعیلی,21,134,34
147,اسماعیلیه جنوبی,13,48,35
148,اسماعیلیه شمالی,13,48,35
149,اسیر,17,393,36
150,اشترجان,4,300,892
151,اشترینان,26,69,37
152,اشتین,11,56,71
153,اشکنان,17,363,38
154,اشکور,27,195,592
155,اشکور سفلی,25,212,272
156,اشکور علیا و سیارستاق ییلاق,25,212,272
157,اشن,4,406,1016
158,اشنویه جنوبی,2,36,1031
159,اشنویه شمالی,2,36,616
160,اشیان,4,366,896
161,اصلاندوز شرقی,3,38,951
162,اصلاندوز غربی,3,38,951
163,اطاقور,25,368,39
164,افرینه,26,106,1004
165,افزر,17,319,40
166,افشار,2,118,615
167,افشاریه,18,110,226
168,افین,10,223,312
169,اقبال شرقی,18,312,751
170,اقبال غربی,18,312,751
171,اک,18,110,31
172,اکبرآباد,16,433,438
173,الغچین,23,141,984
174,القورات,10,97,771
175,الله اکبر,13,178,835
176,الموت بالا,18,312,278
177,الموت پایین,18,312,278
178,المهدی,2,410,565
179,المهدی,30,385,176
180,الند,2,166,403
181,الوارس,3,239,991
182,الوند,22,314,818
183,الوند,14,155,944
184,الوندکوه شرقی,30,429,918
185,الوندکوه غربی,30,429,918
186,الویر,28,219,224
187,اله آباد,31,434,294
188,الهایی,13,48,829
189,امام,20,242,43
190,امامزاده آقاعلی عباس,4,408,45
191,امامزاده ابوطالب,8,201,737
192,امامزاده جعفر,23,348,693
193,امامزاده حمزه علی,9,70,88
194,امامزاده سیدمحمود,13,177,393
195,امامزاده عبدالعزیز,4,37,162
196,امامزاده عبدالله جنوبی,27,297,262
197,امامزاده عبدالله شمالی,27,297,262
198,امامزاده محمد,17,321,229
199,امان آباد,28,19,779
200,امجز,21,286,632
201,املش جنوبی,25,42,584
202,املش شمالی,25,42,584
203,امیرآباد,21,24,404
204,امیرآباد,20,324,1008
205,امیریه,28,19,779
206,اناج,28,163,441
207,اناران,6,189,686
208,انارستان,17,321,194
209,انارستان,7,129,291
210,انجیرآب,24,350,756
211,انجیرلو,3,98,742
212,اندوهجرد,21,328,390
213,انده,16,402,911
214,انزان شرقی,24,81,754
215,انزان غربی,24,81,754
216,انزل جنوبی,2,26,51
217,انزل شمالی,2,26,51
218,انصار,2,118,615
219,انگالی,7,87,696
220,انگوت شرقی,3,353,52
221,انگوت غربی,3,353,52
222,انگوران,14,372,53
223,انی,3,353,744
224,اوباتو,20,192,474
225,اوجان شرقی,1,71,145
226,اوجان غربی,1,71,802
227,اوچ تپه شرقی,1,400,799
228,اوچ تپه غربی,1,400,137
229,اوچ هاچا,1,47,794
230,اورامان تخت,20,240,54
231,اوریاد,14,372,946
232,اوزرود,27,413,89
233,اوشیان,25,212,180
234,اولتان,3,100,745
235,اولی,7,190,700
236,اهرم,7,120,697
237,اهلمرستاق جنوبی,27,375,599
238,اهلمرستاق شمالی,27,375,599
239,ایپک,5,34,962
240,ایتیوندجنوبی,26,181,461
241,ایتیوندشمالی,26,181,461
242,ایثار,31,147,996
243,ایج,17,28,855
244,ایجرودبالا,14,49,943
245,ایجرودپایین,14,49,211
246,ایرافشان,16,395,11
247,ایرندگان,16,148,56
248,ایزدخواست,17,2,854
249,ایزدخواست شرقی,17,220,57
250,ایزدخواست غربی,17,220,57
251,ایسین,29,80,720
252,ایل تیمور,2,88,613
253,ایل گورک,2,88,613
254,ایلات قاقازان شرقی,18,312,508
255,ایلات قاقازان غربی,18,312,508
256,ایوانکی,15,351,59
257,ایواوغلی,2,166,60
258,ییلاق جنوبی,20,188,87
259,ییلاق شمالی,20,188,676
260,باباافضل,4,322,79
261,باباامان,12,64,766
262,بابارشانی,20,96,197
263,بابل کنار,27,54,62
264,بابلرود,27,55,598
265,بابویی,23,57,101
266,باراندوز,2,26,604
267,باراندوزچای جنوبی,2,26,604
268,باراندوزچای شمالی,2,26,604
269,بارز,9,365,1006
270,باروق,1,426,805
271,باروق,2,398,64
272,باریک رود جنوبی,27,297,964
273,باریک رود شمالی,27,297,964
274,بازان,22,130,821
275,بازرجان,28,117,781
276,بازفت بالا,9,342,66
277,بازفت پایین,9,342,66
278,بازکیاگوراب,25,364,582
279,بازوند,26,213,935
280,باسک کولسه,2,238,608
281,باش قلعه,2,26,604
282,باشتین,11,173,67
283,باغ صفا,17,85,331
284,باغ کشمیر,11,275,778
285,باغان,17,162,567
286,باغستان,17,85,869
287,باغستان,10,293,33
288,باغک,7,120,697
289,باغلق,12,194,955
290,باغلی ماراما,24,359,759
291,باغین,21,328,628
292,بافران,4,405,897
293,باقرآباد,28,374,786
294,باقران,10,97,771
295,بالا دشت,12,352,994
296,بالابند,11,298,651
297,بالاتجن,27,307,595
298,بالاجام,11,113,1034
299,بالاجوین,11,132,975
300,بالاخواف,11,164,344
301,بالاخیابان لیتکوه,27,14,46
302,بالادربند,22,329,814
303,بالاده,17,361,111
304,بالارخ,11,114,164
305,بالالاریجان,27,14,546
306,بالاولایت,11,114,639
307,بالاولایت,11,323,644
308,بالاولایت,11,56,71
309,بالش,17,170,858
310,بالغلو,3,20,740
311,بام,12,30,72
312,بان زرده,22,171,825
313,بانش,17,229,113
314,باوله,22,248,817
315,باویل,1,31,808
316,باهوکلات,16,135,253
317,بایک,11,114,73
318,ببه جیک,2,138,617
319,بجستان,11,63,971
320,بجگان,21,389,10
321,بختاجرد,17,170,858
322,بختگان,17,417,2
323,بدر,22,208,826
324,بدر,20,311,671
325,بدرانلو,12,64,766
326,بدوستان شرقی,1,426,805
327,بدوستان غربی,1,426,238
328,برآفتاب,4,247,120
329,براآن جنوبی,4,37,886
330,براآن شمالی,4,37,886
331,برادوست,2,26,406
332,براکوه,10,168,168
333,بران,3,38,75
334,بربرودشرقی,26,41,76
335,بربرودغربی,26,41,77
336,برج اکرم,21,303,968
337,برخوارشرقی,4,66,206
338,برخوارغربی,4,262,900
339,برخوارمرکزی,4,66,906
340,بردخون,7,190,78
341,برده سره,26,69,37
342,بررود,11,323,504
343,برزاوند,4,21,885
344,برزرود,4,408,899
345,برزنون,11,419,341
346,برغان,5,226,196
347,برف انبار,4,296,891
348,برکوه,11,323,504
349,برنطین,29,209,114
350,بروانان شرقی,1,400,137
351,بروانان غربی,1,400,137
352,بروانان مرکزی,1,400,137
353,برون,10,293,33
354,بریاجی,2,238,608
355,بزکش,1,47,794
356,بزمان,16,51,81
357,بزنجان,21,59,621
358,بزی,16,421,909
359,بزینه رود,14,151,82
360,بستان,13,178,83
361,بستان,11,164,351
362,بسطام,2,140,619
363,بسطاملو,1,150,812
364,بشاریات شرقی,18,4,85
365,بشاریات غربی,18,4,85
366,بشیوه پاطاق,22,235,816
367,بغراطی,30,202,336
368,بفروییه,31,401,86
369,بقمج,11,144,648
370,بکان,17,39,209
371,بکرآباد,1,423,810
372,بکش دو,17,388,866
373,بکش یک,17,388,866
374,بکشلوچای,2,26,604
375,بلده,27,119,225
376,بلده کجور,27,414,597
377,بلسبنه,25,204,493
378,بلوران,26,341,245
379,بلورد,21,254,90
380,بلوکات,25,210,271
381,بله که,20,61,7
382,بلهرات,11,419,1019
383,بلیان,17,321,863
384,بم پشت,16,231,91
385,بمانی,29,256,92
386,بمپورشرقی,16,76,914
387,بمپورغربی,16,76,480
388,بن معلی,13,266,840
389,بناب,1,378,798
390,بناب,14,221,942
391,بناجوی شرقی,1,78,801
392,بناجوی شمالی,1,78,801
393,بناجوی غربی,1,78,801
394,بنادکوک,31,116,1049
395,بنارویه,17,361,94
396,بنافت,27,224,258
397,بنت,16,420,95
398,بنجار,16,215,660
399,بندامیر,17,273,302
400,بندان,10,416,775
401,بندر,29,403,350
402,بندرامام خمینی,13,83,98
403,بندرچارک,29,82,395
404,بندزرک,29,403,99
405,بنستان,31,90,9
406,بنفشه تپه,24,81,1047
407,بنی صالح,13,432,1050
408,بوالحسن,20,61,1039
409,بوالخیر,7,120,256
410,بویین,20,61,1040
411,بوچیر,29,101,729
412,بورکی,17,321,229
413,بوزی,13,258,837
414,بوشکان,7,179,103
415,بوغداکندی,14,221,942
416,بولی,6,52,198
417,بویراحمدگرمسیری,23,348,693
418,بهادران,31,396,713
419,بهارستان,4,405,897
420,بهدشت,29,101,498
421,بهرام آباد,8,33,736
422,بهرمان,21,207,1045
423,بهمیی سرحدی شرقی,23,343,263
424,بهمیی سرحدی غربی,23,343,263
425,بهمیی گرمسیری جنوبی,23,95,695
426,بهمیی گرمسیری شمالی,23,95,106
427,بهمن,17,2,854
428,بهمنشیرجنوبی,13,1,827
429,بهمنشیرشمالی,13,1,827
430,بهناباد,10,223,371
431,بهنام پازوکی جنوبی,8,422,734
432,بهنام عرب جنوبی,8,422,174
433,بهنام وسط شمالی,8,422,734
434,بهنام وسطجنوبی,8,422,174
435,بهنمیر,27,55,108
436,بهی دهبکری,2,88,366
437,بهی فیض اله بیگی,2,88,613
438,بی بالان,25,212,482
439,بی بی حکیمه,23,348,693
440,بی بی سکینه,8,384,402
441,بیابان,29,256,730
442,بیابانک,4,167,907
443,بیات,28,227,1041
444,بیارجمند,15,260,109
445,بیاض,21,44,49
446,بیجنوند,6,142,296
447,بیدزرد,17,273,860
448,بیدشهر,17,361,55
449,بیدک,17,2,854
450,بیرانوندجنوبی,26,153,110
451,بیرانوندشمالی,26,153,110
452,بیرک,16,395,980
453,بیرم,17,361,111
454,بیرون بشم,27,139,571
455,بیزکی,11,144,525
456,بیساران,20,240,675
457,بیشه سر,27,307,595
458,بیضا,17,229,113
459,بیکاه,29,209,114
460,بیگم قلعه,2,410,612
461,بیلوار,20,324,674
462,بینالود,11,419,647
463,بیونیج,22,171,825
464,بیهق,11,228,383
465,پایین برزند,3,353,52
466,پایین جوین,11,127,1061
467,پایین خواف,11,164,351
468,پایین خیابان لیتکوه,27,14,588
469,پایین رخ,11,114,164
470,پایین ولایت,11,111,638
471,پایین ولایت,11,114,639
472,پایین ولایت,11,323,644
473,پایین ولایت,11,383,274
474,پاتاوه,23,185,118
475,پاچه لک شرقی,26,41,926
476,پاچه لک غربی,26,27,932
477,پادناسفلی,4,247,119
478,پادناعلیا,4,247,120
479,پادناوسطی,4,247,119
480,پارسینه,22,248,817
481,پارمون,29,73,516
482,پارود,16,233,121
483,پاریز,21,254,122
484,پازوار,27,55,281
485,پاسخن,17,170,858
486,پاقلعه,21,269,627
487,پالیزان,24,377,992
488,پایگلان,20,240,675
489,پایین طالقان,5,279,961
490,پترگان,10,223,957
491,پرزیتون,17,304,1025
492,پس کلوت,11,357,645
493,پساکوه,11,330,298
494,پسکوه,16,253,981
495,پسکوه,10,308,325
496,پسیخان,25,204,577
497,پشت آربابا,20,61,7
498,پشت پر,17,133,365
499,پشت تنگ,22,235,816
500,پشت دربند,22,329,115
501,پشت رود,21,407,969
502,پشتکوه,27,224,201
503,پشتکوه,16,148,659
504,پشتکوه,9,365,429
505,پشتکوه,9,23,681
506,پشتکوه,7,179,103
507,پشتکوه,15,392,392
508,پشتکوه,8,305,739
509,پشتکوه رستم,17,203,353
510,پشتکوه موگویی,4,296,891
511,پشته ذیلایی,23,141,340
512,پل به بالا,17,133,365
513,پل به پایین,17,133,365
514,پل خاتون,11,236,570
515,پل دوآب,28,259,297
516,پلان,16,135,126
517,پلنگ آباد,5,34,127
518,پلنگا,3,157,376
519,پلنگانه,22,130,821
520,پنج هزاره,27,94,590
521,پنجک رستاق,27,414,468
522,پنجه علی جنوبی,20,311,671
523,پنجه علی شمالی,20,311,671
524,پی رجه,27,411,600
525,پی وشک,29,126,557
526,پیان,13,50,830
527,پیراکوه,11,132,975
528,پیران,2,108,605
529,پیربازار,25,204,577
530,پیرتاج,20,96,197
531,پیرحاجات,10,280,776
532,پیرسلیمان,30,29,129
533,پیرسهراب,16,135,658
534,پیرکوه,25,252,264
535,پیریوسفیان,18,40,753
536,پیشخور,30,290,130
537,پیشکوه,31,116,712
538,پیشکوه,10,308,774
539,پیشکوه ذلقی,26,41,267
540,پیشکوه موگویی,4,296,891
541,پیشوا,8,109,988
542,پیشین,16,233,132
543,پیغان چایی,1,333,804
544,پیوه ژن,11,383,17
545,تاررود,8,184,732
546,تازه کند,1,112,228
547,تازه کند,3,100,133
548,تازیان,29,80,720
549,تالارپی,27,257,134
550,تبادکان,11,383,646
551,تتارستاق,27,413,89
552,تجن,11,236,650
553,تخت,29,80,135
554,تخت جلگه,11,306,972
555,تختان,6,189,327
556,ترجان,20,242,669
557,ترک شرقی,30,385,916
558,ترک غربی,30,385,176
559,ترکمان,2,26,604
560,ترگور,2,26,364
561,تشان,7,129,291
562,تشان شرقی,13,93,139
563,تشان غربی,13,93,139
564,تشکن,26,143,190
565,تفتان جنوبی,16,148,1046
566,تکاب,21,328,390
567,تکاب,11,174,641
568,تکاب,11,323,504
569,تکاب کوه میش,11,228,383
570,تکمران,12,274,332
571,تل بزان,13,381,530
572,تلخاب,28,292,237
573,تلخاب,23,57,101
574,تلنگ,16,315,140
575,تمبی گلگیر,13,381,530
576,تمران,24,332,762
577,تمشکل,27,119,1033
578,تموغه,20,242,669
579,تمین,16,402,544
580,تنب,29,17,141
581,تنکمان جنوبی,5,409,142
582,تنکمان شمالی,5,409,142
583,تنگ چنار,31,396,713
584,تنگ نارک,17,162,877
585,تنگ هفت,26,153,117
586,تنگه سلیمان,27,224,487
587,توابع کجور,27,414,468
588,توت نده,23,185,694
589,توتان ومهمدان,16,420,95
590,توتکی,25,252,586
591,توجردی,17,85,331
592,تودشک,4,37,500
593,توسکاچشمه,27,355,603
594,توکهور,29,403,143
595,تولم,25,277,144
596,تویه دروار,15,172,47
597,تهلاب,16,402,293
598,تهم,14,221,942
599,تیاب,29,403,723
600,تیتکانلو,12,288,222
601,تیرجرد,31,16,716
602,تیرچایی,1,400,492
603,تیلکوه,20,242,43
604,تیمورآباد,16,424,146
605,تیمورلو,1,5,537
606,جابرانصار,6,3,689
607,جاپلق شرقی,26,27,148
608,جاپلق غربی,26,27,148
609,جاجرود,8,105,149
610,جارو,5,34,127
611,جازموریان,21,211,150
612,جاسب,28,183,783
613,جاستون شهه,13,362,207
614,جاسک,29,126,724
615,جاغرق,11,99,411
616,جالق,16,231,151
617,جامرود,11,113,640
618,جاورسیان,28,163,441
619,جاویدماهوری,17,388,866
620,جایدر,26,106,933
621,جایدشت,17,304,862
622,جایزان,13,43,152
623,جبل,4,37,500
624,جراحی,13,83,831
625,جرجافک,21,218,625
626,جرقویه سفلی,4,37,155
627,جرقویه علیا,4,37,156
628,جرقویه وسطی,4,37,155
629,جرگلان,12,194,157
630,جره,13,197,287
631,جره,17,321,158
632,جزیره,1,31,58
633,جزیره مینو,13,156,1027
634,جزین,11,63,971
635,جزینک,16,222,159
636,جعفرآباد,19,317,160
637,جعفربای جنوبی,24,115,755
638,جعفربای شرقی,24,356,526
639,جعفربای غربی,24,356,993
640,جغتای,11,127,973
641,جغین جنوبی,29,209,161
642,جغین شمالی,29,209,161
643,جفال,13,258,837
644,جکدان,29,73,987
645,جکیگور,16,233,664
646,جگیران,22,235,816
647,جلال وند,22,329,436
648,جلگاه,17,133,857
649,جلگه,11,67,391
650,جلگه,4,354,895
651,جلگه,30,29,920
652,جلگه,31,90,986
653,جلگه چاه هاشم,16,182,163
654,جلگه ماژان,10,168,168
655,جلگه موسی آباد,11,113,640
656,جلوگیر,26,106,933
657,جلیل آباد,8,109,169
658,جم,7,129,704
659,جمال آباد,8,103,382
660,جمال الدین,5,409,960
661,جمع آبرود,8,184,732
662,جناح,29,72,170
663,جنت آباد,11,275,172
664,جنت رودبار,27,195,244
665,جنت مکان,13,347,846
666,جندق,4,167,907
667,جنگل,17,299,861
668,جنگل,11,205,173
669,جواران,21,193,1065
670,جوانمردی,9,149,925
671,جور,21,340,634
672,جوزار,17,388,866
673,جوزان,30,385,916
674,جوزدان,4,406,898
675,جوزم,21,269,259
676,جوستان,5,279,70
677,جوشان,21,328,524
678,جوشق,28,183,783
679,جوشقان قالی,4,322,454
680,جوشین,1,423,217
681,جوقین,8,272,175
682,جوکار,30,385,176
683,جون آباد,16,402,544
684,جونقان,9,287,178
685,جویم,17,361,179
686,جهاد,13,146,533
687,جهادآباد,21,286,632
688,جهان آباد,16,433,978
689,جهانگیری,13,381,839
690,جهانگیری شمالی,13,381,839
691,جهلیان,16,335,665
692,جی,4,37,886
693,جیحون دشت,30,429,381
694,جیرانسو,12,371,770
695,جیرده,25,264,583
696,جیرستان,12,274,332
697,جیرنده,25,210,419
698,جیرهنده لشت نشاء,25,204,551
699,چاپارخانه,25,204,235
700,چاراویماق جنوب شرقی,1,137,370
701,چاراویماق جنوب غربی,1,137,809
702,چاراویماق شرقی,1,137,370
703,چاراویماق شمالشرقی,1,427,800
704,چاراویماق مرکزی,1,137,809
705,چاشم,15,392,392
706,چاف,25,368,581
707,چالانچولان,26,186,363
708,چالدران جنوبی,2,138,617
709,چالدران شمالی,2,138,617
710,چاله طرخان,8,200,451
711,چانف,16,420,13
712,چاه دادخدا,21,316,183
713,چاه دشت,30,429,381
714,چاه ریگان,21,344,185
715,چاه سالم,13,43,842
716,چاه علی,16,182,163
717,چاه مبارک,7,284,184
718,چاه ورز,17,363,186
719,چاهان,16,420,663
720,چاهدگال,21,303,1038
721,چاهک,31,147,718
722,چایباسارجنوبی,2,370,609
723,چایباسارشرقی,2,107,618
724,چایباسارشمالی,2,370,65
725,چایباغ,27,251,1028
726,چایپاره بالا,14,221,308
727,چایپاره پایین,14,221,308
728,چپکرود,27,131,542
729,چراغ آباد,29,403,143
730,چرام,23,141,984
731,چشمه پر,26,41,77
732,چشمه زیارت,16,217,661
733,چشمه سار,4,165,888
734,چشمه ساران,24,8,188
735,چشمه سرا,2,268,442
736,چشمه کبود,22,425,823
737,چشمه لنگان,4,296,891
738,چغاپور,7,180,462
739,چغاخور,9,70,88
740,چغامیش,13,177,189
741,چقانرگس,22,329,564
742,چلاو,27,14,46
743,چلو,13,45,191
744,چلوند,25,9,555
745,چله,22,360,820
746,چله خانه,1,263,405
747,چم چمال,22,425,112
748,چم خلف عیسی,13,430,192
749,چم رود,4,366,68
750,چم سنگر,26,153,117
751,چم کوه,4,366,68
752,چما,9,225,923
753,چمزی,6,387,983
754,چمن,2,118,136
755,چنار,23,89,466
756,چناران,11,144,648
757,چنارودجنوبی,4,136,195
758,چنارودشمالی,4,136,195
759,چنانه,13,266,425
760,چندار,5,226,196
761,چوبر,25,281,215
762,چوبر,25,264,19
763,چوپانان,4,405,50
764,چورزق,14,278,199
765,چورس,2,140,619
766,چوقور,18,312,409
767,چوکام,25,204,235
768,چهارچشمه,28,160,489
769,چهاردانگه,27,224,201
770,چهاردانگه,8,33,203
771,چهاردانگه,5,226,200
772,چهاردانگه جنوبی,1,431,202
773,چهاردانگه شمالی,1,431,202
774,چهاردولی,2,261,477
775,چهاردولی,30,29,920
776,چهاردولی شرقی,20,311,204
777,چهاردولی غربی,20,311,204
778,چهارده,25,10,573
779,چهارده سنخواست,12,125,166
780,چهارفریضه,25,79,574
781,چهارکوه,24,327,758
782,چهارگنبد,21,254,90
783,چهرگان,1,263,138
784,چهریق,2,245,501
785,چهل چای,24,404,760
786,چهل چشمه,20,192,673
787,چهل چشمه غربی,20,242,338
788,چهل شهید,27,195,244
789,چیچکلو,8,33,16
790,چین,23,89,554
791,چینی جان,25,212,576
792,حاجی آباد,28,19,779
793,حاجی بکنده خشکبیجار,25,204,230
794,حاجیلارجنوبی,2,140,205
795,حاجیلارشمالی,2,140,205
796,حاجیلو,30,325,919
797,حبلرود,8,305,739
798,حتکن,21,218,625
799,حتی,13,362,207
800,حر,22,276,265
801,حرجند,21,199,503
802,حرم رودسفلی,30,385,321
803,حرم رودعلیا,30,385,916
804,حرمک,16,217,661
805,حسن آباد,22,32,813
806,حسن آباد,22,208,826
807,حسن آباد,17,39,209
808,حسن آباد,8,200,428
809,حسن رضا,27,131,602
810,حسنلو,2,410,565
811,حسین آباد,13,266,840
812,حسین آباد,21,134,34
813,حسین آباد,21,44,49
814,حسین آباد,4,406,1016
815,حسین آباد کردها,15,6,948
816,حسین آبادجنوبی,20,249,210
817,حسین آبادشمالی,20,249,210
818,حسین آبادگروه,21,328,270
819,حسینی,13,258,837
820,حسینیه,13,46,42
821,حشمت آباد,26,186,930
822,حصار,12,288,222
823,حصارامیر,8,103,738
824,حصارچه,12,194,157
825,حصارخروان,18,40,566
826,حصارولیعصر,18,15,953
827,حکم آباد,11,132,415
828,حکیم آباد,28,219,787
829,حمزه لو,28,160,782
830,حمیری,16,315,318
831,حمیل,22,32,212
832,حنا,4,247,889
833,حناء,17,417,2
834,حور,21,289,213
835,حومه,25,204,577
836,حومه,25,369,587
837,حومه,1,230,796
838,حومه,22,360,820
839,حومه,22,425,823
840,حومه,13,46,828
841,حومه,13,93,832
842,حومه,13,428,848
843,حومه,17,361,864
844,حومه,17,363,868
845,حومه,21,75,622
846,حومه,21,344,185
847,حومه,11,357,645
848,حومه,11,158,655
849,حومه,11,390,656
850,حومه,16,51,657
851,حومه,16,231,662
852,حومه,16,402,911
853,حومه,20,96,668
854,حومه,20,249,670
855,حومه,20,192,673
856,حومه,9,70,677
857,حومه,9,271,678
858,حومه,9,77,924
859,حومه,7,87,696
860,حومه,7,179,698
861,حومه,7,190,700
862,حومه,7,336,701
863,حومه,7,191,703
864,حومه,14,18,940
865,حومه,14,151,941
866,حومه,15,172,705
867,حومه,15,246,706
868,حومه,15,260,707
869,حومه,15,351,708
870,حومه,29,82,721
871,حومه,29,313,722
872,حومه,29,403,723
873,حومه,12,274,768
874,حومه,12,371,770
875,حومه,10,293,33
876,حومه جنوبی,22,32,813
877,حومه دهگلان,20,188,676
878,حومه سرپل,22,235,816
879,حومه شرقی,13,50,830
880,حومه شرقی,13,156,833
881,حومه شرقی,13,178,835
882,حومه شرقی,13,197,836
883,حومه شمالی,22,32,813
884,حومه غربی,13,50,830
885,حومه غربی,13,156,833
886,حومه غربی,13,178,835
887,حومه غربی,13,197,836
888,حومه کرند,22,171,825
889,حویق,25,281,215
890,حیات داود,7,358,702
891,حیدریه,22,360,536
892,حیران,25,9,572
893,حیقوق نبی,30,121,915
894,خاتون آباد,21,134,623
895,خاتون آباد,21,269,627
896,خالدآباد,4,408,45
897,خاله سرا,25,281,30
898,خانگیران,11,236,650
899,خانمرود,1,426,805
900,خانمیرزا,9,149,925
901,خانندبیل شرقی,3,157,741
902,خانندبیل غربی,3,157,741
903,خانوک,21,218,625
904,خانه شور,22,124,824
905,خاوران شرقی,8,200,218
906,خاوران غربی,8,200,218
907,خاوومیرآباد,20,380,219
908,خاوه جنوبی,26,181,220
909,خاوه شمالی,26,181,220
910,خبر,21,59,221
911,خبر,21,269,259
912,خبریز,17,25,870
913,خدابنده لو,22,276,822
914,خرارود,25,252,586
915,خرارود,14,151,941
916,خرازان,28,117,781
917,خرجگیل,25,281,30
918,خرقان,30,202,922
919,خرقان,15,260,84
920,خرقان شرقی,18,15,6
921,خرقان غربی,18,15,953
922,خرم آباد,18,110,31
923,خرم دشت,28,160,489
924,خرم دشت,4,322,894
925,خرم رود,4,366,896
926,خرم رود,30,121,915
927,خرم مکان,17,379,464
928,خرمارودجنوبی,24,8,188
929,خرمارودشمالی,24,8,763
930,خرمدره,14,155,944
931,خرمدشت,21,340,634
932,خرمدشت,30,290,982
933,خرمی,17,154,871
934,خزل شرقی,30,415,227
935,خزل غربی,22,337,819
936,خسروآباد,20,96,197
937,خسروبیک,28,334,1024
938,خسروشیرین,17,2,854
939,خسویه,17,220,872
940,خشک رود,28,219,787
941,خشکرود,27,55,281
942,خضرلو,1,283,811
943,خطبه سرا,25,281,475
944,خفر,17,133,232
945,خفرک علیا,17,379,361
946,خفری,17,229,859
947,خلازیر,8,122,12
948,خلیلی,17,349,880
949,خمک,16,222,159
950,خمه,26,41,926
951,خمیر,29,159,728
952,خنامان,21,207,624
953,خنجشت,17,39,856
954,خنجین,28,292,237
955,خنداب,28,163,789
956,خندان,18,312,409
957,خواجه احمد,16,222,666
958,خواجه ای,17,304,1025
959,خوارتوران,15,260,109
960,خواشد,11,228,277
961,خور,10,168,956
962,خورخوره,20,96,668
963,خورخوره,20,242,43
964,خورسند,21,269,627
965,خورش رستم جنوبی,3,157,239
966,خورش رستم شمالی,3,157,239
967,خورگام,25,210,240
968,خورموج,7,180,699
969,خورمیز,31,396,713
970,خورهه,28,374,786
971,خوزی,17,393,1052
972,خوسف,10,168,956
973,خوش رود,27,54,97
974,خوشابر,25,206,585
975,خیبر,13,177,189
976,خیر,17,28,289
977,خیرآباد,16,76,914
978,خیرآباد,17,152,882
979,خیرگو,17,363,418
980,خیرودکنار,27,414,597
981,دابوی جنوبی,27,14,241
982,دابوی شمالی,27,375,333
983,دابوی میانی,27,14,241
984,دادنجان,17,304,1025
985,دادین,17,321,158
986,داران,1,128,806
987,دارخوین,13,258,242
988,داریان,17,273,860
989,دال پری,6,189,1011
990,دالانکوه,4,295,890
991,دالکی,7,179,698
992,دامن,16,51,657
993,دامن کوه,12,30,765
994,دامنکوه,15,172,705
995,دانش,8,309,989
996,داودآباد,28,19,779
997,دبیران,17,220,872
998,درآبسر,29,73,538
999,درآگاه,29,145,726
1000,درازکلا,27,54,62
1001,دراک,17,273,860
1002,درام,14,278,945
1003,درب گنبد,26,341,245
1004,دربقاضی,11,419,647
1005,دربند,12,125,166
1006,دربندرود,30,29,920
1007,درپهن,29,403,350
1008,درجزین,15,392,709
1009,درجزین سفلی,30,202,439
1010,درجزین علیا,30,202,439
1011,درح,10,234,246
1012,درختنگان,21,328,628
1013,درزآب,11,383,646
1014,درزوسابیان,17,361,864
1015,درسجین,14,18,940
1016,درمیان,10,175,772
1017,درواهی,7,179,1
1018,درودزن,17,379,247
1019,درونک,13,93,314
1020,درونگر,11,174,1043
1021,درونه,11,67,48
1022,دره دران,21,207,624
1023,دره شور,4,247,1053
1024,دره صیدی,26,69,927
1025,دره کاید,13,177,393
1026,دریاسر,25,368,499
1027,دریس,17,321,863
1028,دریسیه,13,258,242
1029,درین,31,401,86
1030,دزلی,20,240,675
1031,دژکرد,17,39,324
1032,دژگان,29,82,1014
1033,دژگاه,17,291,261
1034,دستجرد,1,5,537
1035,دستجرد,19,317,233
1036,دستجرد,18,312,279
1037,دستجرده,14,278,199
1038,دستگرد,16,420,95
1039,دستگرد,9,271,426
1040,دستگردان,10,280,248
1041,دستوران,11,127,973
1042,دشت,2,26,364
1043,دشت,4,270,893
1044,دشت,3,382,743
1045,دشت ارزنه,11,56,976
1046,دشت ارژن,17,273,22
1047,دشت برم,17,321,505
1048,دشت بیل,2,36,616
1049,دشت تایباد,11,111,1020
1050,دشت جام,11,113,100
1051,دشت حر,22,124,824
1052,دشت خاک,21,218,625
1053,دشت ذهاب,22,235,816
1054,دشت روم,23,89,691
1055,دشت زرین,9,342,682
1056,دشت سر سفلی,27,14,588
1057,دشت سر شرقی,27,14,249
1058,دشت سر غربی,27,14,249
1059,دشت عباس,6,189,250
1060,دشت کنار,27,257,792
1061,دشت لاله,17,393,36
1062,دشت لالی,13,362,843
1063,دشتاب,21,59,221
1064,دشتابی شرقی,18,86,251
1065,دشتابی غربی,18,86,251
1066,دشتویل,25,210,271
1067,دشتی اسماعیل خانی,7,179,1
1068,دشمن زیاری,23,343,692
1069,دشمن زیاری,17,388,254
1070,دلبران,20,311,255
1071,دلفارد,21,134,319
1072,دلفک,25,210,240
1073,دلگان,16,182,979
1074,دلند,24,198,764
1075,دلوار,7,120,256
1076,دنا,23,185,694
1077,دنباله رودجنوبی,13,50,260
1078,دنباله رودشمالی,13,50,260
1079,دوآب,9,342,257
1080,دوآب,26,243,934
1081,دوبلوک,8,305,20
1082,دوجاق,3,20,147
1083,دودانگه,1,431,777
1084,دودانگه,13,93,832
1085,دودانگه سفلی,18,110,408
1086,دودانگه علیا,18,110,408
1087,دودراء,9,365,286
1088,دودهک,28,183,783
1089,دوراهان,9,70,535
1090,دورسونخواجه,3,418,748
1091,دورود,26,186,930
1092,دورودفرامان,22,329,814
1093,دوره,26,143,190
1094,دوزج,28,219,224
1095,دوست محمد,16,433,978
1096,دوستان,6,65,937
1097,دوغایی,11,318,643
1098,دوکوهه,10,232,359
1099,دول,2,26,604
1100,دولاب,29,313,208
1101,دولت آباد,1,378,798
1102,دولت آباد,21,134,623
1103,دولت آباد,14,18,940
1104,دولت آباد,3,412,747
1105,دولت اباد,22,208,826
1106,دولتخانه,11,318,63
1107,دومک,16,217,1035
1108,دوهزار,27,119,225
1109,ده پایین,6,52,684
1110,ده پیر جنوبی,26,153,928
1111,ده پیرشمالی,26,153,928
1112,ده تل,29,72,727
1113,ده چاه,17,417,125
1114,ده عباس,8,33,736
1115,ده فیش,17,361,94
1116,ده کهان,21,344,629
1117,دهبکری,21,75,622
1118,دهج,21,269,259
1119,دهچال,28,163,789
1120,دهدز,13,50,260
1121,دهدشت شرقی,23,343,692
1122,دهدشت غربی,23,343,692
1123,دهرم,17,291,261
1124,دهرود,7,179,26
1125,دهسرد,21,24,883
1126,دهشال,25,10,573
1127,دهشیر,31,116,712
1128,دهقانان,17,152,471
1129,دهکده,13,146,851
1130,دهکویه,17,361,864
1131,دهگاه,25,10,513
1132,دهملا,15,260,707
1133,دهنو,29,80,450
1134,دیباج,11,174,552
1135,دیره,22,360,820
1136,دیزج,2,166,607
1137,دیزجرودشرقی,1,283,448
1138,دیزجرودغربی,1,283,811
1139,دیزمارشرقی,1,150,1007
1140,دیزمارغربی,1,128,368
1141,دیزمارمرکزی,1,423,217
1142,دیزیچه,4,373,901
1143,دیکله,1,431,777
1144,دیلمان,25,252,264
1145,دیمکاران,30,91,399
1146,دیناچال,25,206,124
1147,دیناران,9,23,681
1148,دینور,22,276,265
1149,دیوشل,25,368,581
1150,دیهوک,10,280,266
1151,ذلقی شرقی,26,41,267
1152,ذلقی غربی,26,41,267
1153,ذوالبین,1,378,1068
1154,ذوالفقار,20,242,338
1155,ذیلابی,13,381,420
1156,رابر,21,193,967
1157,رادکان,11,144,648
1158,راز,12,194,955
1159,رازآور,22,329,115
1160,رازان,26,153,295
1161,رازلیق,1,230,796
1162,راستقان,12,194,422
1163,راستوپی,27,250,594
1164,راسک وفیروزآباد,16,233,664
1165,راک,23,343,356
1166,رامجرددو,17,379,247
1167,رامجردیک,17,379,865
1168,رامجین,5,226,200
1169,رامشه,4,37,156
1170,رامندجنوبی,18,86,268
1171,رامندشمالی,18,110,226
1172,راور,21,199,631
1173,راویز,21,207,478
1174,راهب,30,325,919
1175,راهجردشرقی,19,317,346
1176,راهدار,29,209,725
1177,راهگان,17,133,232
1178,راین,21,328,270
1179,رباط,11,228,642
1180,رباط,26,153,928
1181,رباط جز,11,169,977
1182,رباطات,31,22,223
1183,ربع شامات,11,228,383
1184,رحمت,17,379,361
1185,رحمت آباد,25,210,271
1186,رحمت آباد,17,273,302
1187,رحیم آباد,25,212,272
1188,رزآب,20,240,675
1189,رزکان,8,272,735
1190,رزم آوران,21,207,624
1191,رزن,30,202,922
1192,رستاق,28,160,782
1193,رستاق,17,170,273
1194,رستاق,17,417,867
1195,رستاق,11,158,655
1196,رستاق,31,35,717
1197,رستم آباد,13,197,345
1198,رستم آباد جنوبی,25,210,578
1199,رستم آباد شمالی,25,210,578
1200,رستم دو,17,203,879
1201,رستم سه,17,203,353
1202,رستم یک,17,203,879
1203,رشتخوار,11,205,653
1204,رضاقلی قشلاق,3,418,748
1205,رضامحله,25,212,576
1206,رضوان,21,134,153
1207,رضوان,21,207,427
1208,رضوان,15,397,463
1209,رضوانیه,4,123,903
1210,رغیوه,13,428,275
1211,رقه,10,74,24
1212,رقیچه,11,114,469
1213,رمشک,21,316,183
1214,رمکان,29,313,722
1215,رویین,12,30,765
1216,روداب شرقی,21,407,276
1217,روداب غربی,21,75,80
1218,رودبار,28,117,781
1219,رودبار,21,211,635
1220,رودبار,6,255,936
1221,رودبار,15,172,705
1222,رودبار,29,159,290
1223,رودبار شهرستان,18,312,279
1224,رودبار محمدزمانی,18,312,279
1225,رودبارقصران,8,265,280
1226,رودبال,17,379,865
1227,رودبنه,25,364,282
1228,رودپی شرقی,27,224,283
1229,رودپی غربی,27,224,283
1230,رودپیش,25,302,580
1231,رودحله,7,358,292
1232,رودخانه,29,209,285
1233,رودخانه بر,29,209,285
1234,رودزرد,13,58,841
1235,رودشت,4,37,162
1236,رودشت شرقی,4,37,93
1237,رودشور,28,219,787
1238,رودقات,1,263,405
1239,روشن آباد,24,350,756
1240,روضه چای,2,26,604
1241,رومشکان,26,213,935
1242,رومیانی,26,213,354
1243,رونیز,17,28,289
1244,رویدر,29,159,290
1245,رهال,2,166,607
1246,ریز,7,129,291
1247,ریزآب,17,417,446
1248,ریگ,9,365,680
1249,ریگ ملک,16,402,293
1250,ریگان,21,214,637
1251,ریگستان,4,21,311
1252,ریوند,11,419,647
1253,زابلی,16,395,980
1254,زاخرویه,17,319,40
1255,زارم رود,27,411,1060
1256,زازران,4,300,456
1257,زاغه,26,153,295
1258,زالوآب,22,208,826
1259,زالیان,28,259,297
1260,زام,11,113,116
1261,زانوس رستاق,27,414,468
1262,زاوکوه,24,332,131
1263,زاوه,11,216,974
1264,زاوین,11,330,298
1265,زاینده رود جنوبی,9,77,396
1266,زاینده رودشمالی,4,295,890
1267,زبرخان,11,419,300
1268,زرآبادشرقی,16,335,301
1269,زرآبادغربی,16,335,301
1270,زرانگوش,6,65,1064
1271,زری,2,166,447
1272,زرج آباد,3,339,434
1273,زردبن,16,233,132
1274,زردشت,30,290,130
1275,زردلان,6,142,1062
1276,زردین,31,116,1049
1277,زرق آباد,12,30,765
1278,زرقان,17,273,302
1279,زرکان,4,262,1026
1280,زرگان,13,62,1056
1281,زرنه,6,53,303
1282,زرین,11,132,415
1283,زرین,9,225,299
1284,زرین,31,22,223
1285,زرین دشت,6,176,685
1286,زرین گل,24,285,757
1287,زرینه,20,192,474
1288,زرینه رود,2,398,611
1289,زرینه رود,14,151,82
1290,زرینه رودجنوبی,2,398,611
1291,زرینه رودشمالی,2,398,611
1292,زریوار,20,380,672
1293,ززشرقی,26,41,306
1294,ززغربی,26,41,306
1295,زفره,4,37,500
1296,زمکان جنوبی,22,124,307
1297,زمکان شمالی,22,124,307
1298,زنجانرودبالا,14,221,942
1299,زنجانرودپایین,14,221,308
1300,زنجیره,6,142,379
1301,زنگبار,2,107,618
1302,زنگلانلو,11,174,552
1303,زنگوان,6,255,459
1304,زنگی آباد,21,328,628
1305,زنوزق,1,378,798
1306,زوارم,12,274,768
1307,زوزن,11,164,165
1308,زولاچای,2,245,606
1309,زهان,10,223,312
1310,زهرای بالا,18,86,749
1311,زهرای پایین,18,86,749
1312,زهک,16,222,666
1313,زهمکان,21,289,213
1314,زیاران,18,4,752
1315,زیارت,7,179,698
1316,زیارت,12,274,768
1317,زیبد,11,357,458
1318,زیدآباد,21,254,313
1319,زیرآب,17,220,872
1320,زیرتنگ,26,341,506
1321,زیرراه,7,179,343
1322,زیرکوه,4,366,68
1323,زیرکوه,10,223,957
1324,زیلایی,23,89,559
1325,زین آباد,18,86,372
1326,ژان,26,186,930
1327,ژاورود,20,324,674
1328,ژاورودشرقی,20,249,362
1329,ژاورودغربی,20,249,481
1330,ژریژه,20,240,675
1331,ساحلی,27,55,598
1332,ساحلی جوکندان,25,281,575
1333,سادات,13,362,843
1334,سادات محمودی,23,185,118
1335,سارال,20,192,317
1336,ساری سو,2,370,65
1337,ساربوک,16,315,318
1338,ساردوییه,21,134,319
1339,ساروق,28,19,320
1340,ساروق,2,118,136
1341,ساق,11,216,348
1342,سالمی,13,258,236
1343,سامان,9,225,923
1344,سامن,30,385,321
1345,ساوالان,3,100,745
1346,سبز پوش,17,349,21
1347,سبزدشت,30,325,919
1348,سبزدشت,31,60,711
1349,سبلان,3,239,322
1350,سپیدار,9,149,27
1351,سپیدار,23,89,691
1352,سپیددشت,26,153,117
1353,سجادرود,27,54,96
1354,سجاس رود,14,151,323
1355,سخت سر,27,195,592
1356,سخوید,31,116,1049
1357,سدن رستاق شرقی,24,327,758
1358,سدن رستاق غربی,24,327,758
1359,سده,28,19,779
1360,سده,17,39,324
1361,سده,10,308,325
1362,سرآسیاب فرسنگی,21,328,628
1363,سرآسیاب یوسفی,23,95,106
1364,سرا,20,242,669
1365,سراب,22,248,817
1366,سراب,30,415,541
1367,سراب,6,53,690
1368,سراب باغ,6,3,326
1369,سراب سفلی,9,287,61
1370,سراب علیا,9,287,61
1371,سراب قامیش,20,249,670
1372,سراب قلعه شاهین,22,235,449
1373,سرابیز,23,57,985
1374,سراجوی جنوبی,1,376,328
1375,سراجوی شرقی,1,376,328
1376,سراجوی شمالی,1,376,797
1377,سراجوی غربی,1,376,797
1378,سراوان,25,204,352
1379,سرباز,16,233,329
1380,سربنان,21,218,625
1381,سرپنیران,17,102,876
1382,سرجام,11,383,17
1383,سرجولکی,13,12,177
1384,سرچشمه,21,207,624
1385,سرچهان,17,85,331
1386,سرخ قلعه,21,316,636
1387,سرخس,11,236,650
1388,سرخکلا,27,250,315
1389,سرخون,29,80,720
1390,سرخه,13,266,425
1391,سردابه,3,20,740
1392,سردارآباد,13,267,838
1393,سرداران,30,325,919
1394,سردارجنگل,25,302,335
1395,سردرودسفلی,30,202,336
1396,سردرودعلیا,30,202,336
1397,سردسیر,4,84,908
1398,سردشت,13,93,314
1399,سردشت,13,177,337
1400,سردشت,9,365,286
1401,سردشت,29,73,987
1402,سردصحرا,1,112,795
1403,سردق,11,63,1071
1404,سررودجنوبی,23,89,691
1405,سررودشمالی,23,89,691
1406,سرشیو,20,380,339
1407,سرفاریاب,23,141,340
1408,سرفیروزآباد,22,329,436
1409,سرقلعه,22,235,816
1410,سرکل,20,380,672
1411,سرکور,16,233,329
1412,سرگل,24,404,502
1413,سرله,13,58,1022
1414,سرمستان,7,190,3
1415,سرناباد,17,229,1063
1416,سروستان,17,85,997
1417,سروستان,17,241,878
1418,سرولایت,11,419,341
1419,سطر,22,248,486
1420,سعادت آباد,21,254,122
1421,سعید آباد,8,105,149
1422,سعیدآباد,14,49,943
1423,سعیدآباد,8,272,735
1424,سعیدآباد,5,226,959
1425,سعیدیه,13,178,83
1426,سغدر,21,134,153
1427,سفالگران,30,91,548
1428,سفلی,17,152,471
1429,سفلی,4,21,311
1430,سفیدابه,16,421,398
1431,سفیدار,17,133,232
1432,سفیددشت,4,7,902
1433,سفیدسنگ,11,298,453
1434,سفیدکوه,30,385,321
1435,سکمن آباد,2,166,403
1436,سگزآباد,18,86,749
1437,سلامی,11,164,344
1438,سلدوز,2,410,612
1439,سلطان آباد,13,197,345
1440,سلطان آباد,11,169,977
1441,سلطانعلی,24,359,759
1442,سلطانیه,14,244,947
1443,سلگی,30,415,227
1444,سلوک,1,427,800
1445,سلیمان,11,216,348
1446,سمام,25,42,269
1447,سمقان,17,321,194
1448,سنبل آباد,14,244,947
1449,سنجابی,22,329,497
1450,سنجبدجنوبی,3,339,434
1451,سنجبدشرقی,3,157,741
1452,سنجبدشمالی,3,339,746
1453,سنجبدغربی,3,339,746
1454,سندرک,29,403,350
1455,سندمیرثویان,16,135,253
1456,سنگ بست,11,298,651
1457,سنگ سفید,28,163,441
1458,سنگان,16,148,659
1459,سنگر,25,204,352
1460,سنگر,12,288,769
1461,سنگستان,30,429,918
1462,سودلانه,11,318,643
1463,سورسور,20,324,1008
1464,سورک,29,126,557
1465,سورمق,17,2,854
1466,سوری,26,213,354
1467,سورین,13,430,192
1468,سوزا,29,313,389
1469,سوسن شرقی,13,50,355
1470,سوسن غربی,13,50,355
1471,سولقان,8,122,490
1472,سومار,22,314,357
1473,سویسه,13,320,358
1474,سه تلون,13,197,15
1475,سه قلعه,10,232,359
1476,سه هزار,27,119,225
1477,سهرورد,14,151,941
1478,سهروفیروزان,4,300,128
1479,سهرین,14,221,440
1480,سهند,1,31,808
1481,سهندآباد,1,71,145
1482,سیاخ دارنگون,17,273,860
1483,سیاوشان,28,11,780
1484,سیاه منصور,20,96,668
1485,سیاهرود,27,131,602
1486,سیاهرود,8,122,731
1487,سیاهکلرود,25,212,180
1488,سیاهو,29,80,720
1489,سیب وسوران,16,253,981
1490,سیدابراهیم,6,189,304
1491,سیدان,1,333,5
1492,سیدجمال الدین,30,29,920
1493,سیدشهاب,30,121,915
1494,سیدعباس,13,266,375
1495,سیدناصرالدین,6,189,304
1496,سیدولی الدین,13,177,393
1497,سیری,29,17,719
1498,سیرچ,21,328,390
1499,سیروان,22,104,1044
1500,سیریز,21,218,1070
1501,سیریک,29,256,730
1502,سیس,1,263,803
1503,سیس,20,188,87
1504,سیستان,4,37,500
1505,سیف آباد,17,162,877
1506,سیگار,17,363,868
1507,سیلاخور,26,186,363
1508,سیلاخورشرقی,26,27,932
1509,سیلتان,20,96,668
1510,سیمکان,17,85,869
1511,سیمینه رود,30,91,921
1512,سین,4,66,906
1513,سینا,1,423,810
1514,سیوکانلو,12,274,768
1515,سیه بنوییه,21,193,967
1516,شاپور,17,321,863
1517,شاپورآباد,4,66,206
1518,شاخن,10,97,771
1519,شاخنات,10,97,771
1520,شارک,16,315,140
1521,شاسکوه,10,223,371
1522,شال,3,157,376
1523,شالیار,20,240,54
1524,شامکان,11,228,383
1525,شاندرمن,25,369,373
1526,شاندیز,11,99,374
1527,شاوور,13,266,375
1528,شاه جهان,12,288,769
1529,شاهرود,3,157,376
1530,شاهسونکندی,28,227,784
1531,شاهو,20,324,674
1532,شباب,6,142,379
1533,شبانکاره,7,179,380
1534,شبخوس لات,25,42,269
1535,شبلی,1,71,802
1536,شپیران,2,245,501
1537,شجاع,1,128,806
1538,شربیان,1,230,1015
1539,شرق وغرب شیرگاه,27,251,793
1540,شرقی,3,20,740
1541,شروینه,22,130,484
1542,شریف آباد,21,207,478
1543,شریف آباد,21,254,626
1544,شریف آباد,8,103,382
1545,شریف آباد,18,40,566
1546,شش پیر,17,229,859
1547,ششده,17,299,384
1548,ششطراز,11,158,385
1549,شعبان,30,415,917
1550,شعبان,3,382,445
1551,شعبجره,21,218,1070
1552,شعبه,11,205,173
1553,شعیبیه شرقی,13,267,386
1554,شعیبیه غربی,13,267,386
1555,شلال و دشتگل,13,45,847
1556,شلاهی,13,1,827
1557,شلمی,24,377,532
1558,شلیل,9,23,1021
1559,شمس آباد,28,19,779
1560,شمس آباد,13,177,834
1561,شمشیر,22,104,815
1562,شمیل,29,80,135
1563,شناتال,2,245,501
1564,شنبه,7,180,387
1565,شوی,20,61,667
1566,شوییل,25,212,272
1567,شورآب,17,25,870
1568,شوراب,26,143,1057
1569,شوراب تنگزی,9,342,682
1570,شوردشت,30,429,381
1571,شورکات جنوبی,1,31,58
1572,شورو,16,217,496
1573,شوریچه,17,241,878
1574,شوسف,10,416,388
1575,شوقان,12,125,167
1576,شوهان,6,387,983
1577,شهدا,27,94,1069
1578,شهدا,31,401,715
1579,شهرآباد,11,67,391
1580,شهرآباد,8,305,739
1581,شهرستانه,11,174,1043
1582,شهرک,1,5,1005
1583,شهرک,3,100,32
1584,شهرمیان,17,39,856
1585,شهریاری,9,342,257
1586,شهمردی,29,256,92
1587,شهی,13,177,393
1588,شهیدآباد,27,54,97
1589,شهیدآباد,17,154,1002
1590,شهیدآباد,18,15,953
1591,شهیدمدرس,13,267,838
1592,شیان,22,32,813
1593,شیتاب,23,367,1012
1594,شیخ درآباد,1,400,799
1595,شیخ عامر,17,363,186
1596,شیخ فضل اله نوری,27,413,89
1597,شیخ موسی,24,13,761
1598,شیخ نشین,25,369,373
1599,شیدا,9,77,396
1600,شیرامین,1,5,214
1601,شیرجوپشت,25,364,282
1602,شیرز,22,425,112
1603,شیرکوه,31,116,712
1604,شیرنگ,24,285,488
1605,شیروان,26,69,927
1606,شیرین دره,11,318,643
1607,شیرین سو,30,325,397
1608,شیرین سو,12,371,561
1609,شیرینک,21,68,527
1610,شیوانات,14,151,41
1611,شیوه سر,22,104,74
1612,صاحب,20,242,316
1613,صادقیه,4,406,898
1614,صالح آباد,11,275,778
1615,صالح آباد,30,91,399
1616,صالح آباد,8,92,529
1617,صالحان,28,160,782
1618,صایین,1,230,796
1619,صایین قلعه,14,18,940
1620,صحت آباد,5,34,962
1621,صحرا,11,67,48
1622,صحرارود,17,299,861
1623,صحرای باغ,17,361,401
1624,صحنه,22,276,822
1625,صدرآباد,31,401,1032
1626,صفاییه,11,216,974
1627,صفاخانه,2,261,614
1628,صفاییه,4,406,898
1629,صفی آباد,12,30,72
1630,صلخ,29,313,208
1631,صلوات,3,382,568
1632,صوغان,21,24,404
1633,صومای جنوبی,2,26,406
1634,صومای شمالی,2,26,406
1635,صیدون جنوبی,13,58,407
1636,صیدون شمالی,13,58,407
1637,ضیابر,25,277,579
1638,طارم,29,145,726
1639,طارند بالا,8,109,169
1640,طاغنکوه جنوبی,11,306,410
1641,طاغنکوه شمالی,11,306,410
1642,طاقانک,9,271,678
1643,طالخونچه,4,373,901
1644,طاهری,7,336,701
1645,طاهرگوراب,25,277,579
1646,طبر,12,125,167
1647,طبس,11,169,977
1648,طبس مسینا,10,175,522
1649,طراح,13,146,533
1650,طرازناهید,28,227,784
1651,طرق رود,4,408,899
1652,طرقبه,11,99,411
1653,طرود,15,260,707
1654,طرهان شرقی,26,341,412
1655,طرهان غربی,26,341,412
1656,طریق الاسلام,30,415,917
1657,طسوج,17,338,413
1658,طسوج,7,180,387
1659,طغامین,20,96,470
1660,طغرل الجرد,21,340,414
1661,طلاتپه,2,26,1029
1662,طور,27,257,134
1663,طوس,11,383,646
1664,طولارود,25,281,575
1665,طیبی سرحدی شرقی,23,343,182
1666,طیبی سرحدی غربی,23,343,182
1667,طیبی گرمسیری جنوبی,23,343,356
1668,طیبی گرمسیری شمالی,23,367,938
1669,عالی طیب,23,367,938
1670,عبا س  شرقی,1,71,145
1671,عباس غربی,1,71,145
1672,عبدلیه شرقی,13,196,845
1673,عبدلیه غربی,13,196,845
1674,عثمانوند,22,329,436
1675,عرب داغ,24,332,131
1676,عربخانه,10,416,388
1677,عزیزآباد,21,407,969
1678,عزیزک,27,55,108
1679,عسگریه,8,109,988
1680,عسلویه,7,284,939
1681,عشایر,4,296,891
1682,عشرستاق,27,94,1069
1683,عشق آباد,11,419,1019
1684,عظیمیه,8,200,733
1685,عقدا,31,22,416
1686,عقیلی جنوبی,13,347,417
1687,عقیلی شمالی,13,347,417
1688,علامرودشت,17,363,418
1689,علویه,17,133,473
1690,علی آباد,27,307,595
1691,علی آباد,1,427,800
1692,علی آباد,17,133,232
1693,علی آباد,21,286,632
1694,علی آباد زیبا کنار,25,204,551
1695,علی آبادملک,17,25,870
1696,علی اباد,31,116,712
1697,علی جمال,10,74,995
1698,علیا,4,21,885
1699,علیشار,28,219,224
1700,علیشروان,6,52,367
1701,علیصدر,30,325,523
1702,عمادده,17,361,401
1703,عناقچه,13,62,850
1704,عنبر,13,381,420
1705,عنبران,3,412,421
1706,عوالان,20,324,1008
1707,غرب کارون,13,156,833
1708,غربی,3,20,147
1709,غزالی,11,419,1019
1710,غلامان,12,194,422
1711,غنی آباد,8,200,733
1712,غنی بیگلو,14,221,308
1713,غیزانیه,13,48,423
1714,غیناب,10,234,773
1715,فارغان,29,145,424
1716,فاروج,12,288,769
1717,فاریاب,29,209,725
1718,فال,17,393,531
1719,فامور,17,321,158
1720,فتح آباد,22,314,818
1721,فتح آباد,17,319,873
1722,فتح آباد,17,338,413
1723,فتح آباد,21,59,621
1724,فتح آباد,31,147,718
1725,فتویه,29,72,727
1726,فجر,31,434,714
1727,فجر,24,359,759
1728,فخررود,10,175,457
1729,فداغ,17,349,880
1730,فدشکوییه,17,299,394
1731,فراغه,31,16,716
1732,فراغی,24,115,755
1733,فرامرزان,29,72,170
1734,فرح آباد جنوبی,27,224,284
1735,فرح آباد شمالی,27,224,284
1736,فرخ آباد,5,294,1000
1737,فردو,19,317,511
1738,فردوس,21,207,427
1739,فردوس,8,272,175
1740,فردیس,5,294,963
1741,فرسش,26,41,76
1742,فرمشکان,17,338,881
1743,فرمهین,28,292,790
1744,فروان,15,6,512
1745,فروغن,11,228,277
1746,فرومد,15,397,949
1747,فرون آباد,8,103,738
1748,فریم,27,224,258
1749,فریمان,11,298,651
1750,فسارود,17,170,858
1751,فش,22,337,819
1752,فشارود,10,97,771
1753,فشک,28,292,790
1754,فضل,11,419,647
1755,فضل,30,415,305
1756,فلارد,9,365,429
1757,فندرسک جنوبی,24,198,430
1758,فندرسک شمالی,24,198,430
1759,فنوج,16,301,913
1760,فورگ,17,170,432
1761,فولادلوی جنوبی,3,20,1067
1762,فولادلوی شمالی,3,20,1067
1763,فهرج,21,303,968
1764,فهرج,31,434,714
1765,فهلیان,17,388,866
1766,فیرورق جنوبی,2,166,433
1767,فیرورق شمالی,2,166,433
1768,فیروزآباد,26,243,435
1769,فیروزبهرام,8,33,203
1770,فیروزجاه,27,54,96
1771,فیروزه,11,306,972
1772,فیشور,17,361,55
1773,فیضیه,27,54,589
1774,فیلستان,8,103,738
1775,فین,29,80,437
1776,قایم آباد,8,272,735
1777,قاین,10,308,774
1778,قاسم آباد,21,207,624
1779,قاضی,12,371,349
1780,قاضی جهان,1,5,214
1781,قافلانکوه شرقی,1,400,460
1782,قافلانکوه غربی,1,400,799
1783,قاقازان شرقی,18,110,750
1784,قاقازان غربی,18,110,750
1785,قاهان,19,317,233
1786,قایدرحمت,26,153,295
1787,قایم آباد,16,421,398
1788,قبله ای,13,177,834
1789,قبله داغی,1,5,214
1790,قراتوره,20,192,673
1791,قرانقو,1,427,800
1792,قراولان,24,346,556
1793,قرق,24,350,105
1794,قرقری,16,433,438
1795,قره باشلو,11,174,181
1796,قره باغ,17,273,860
1797,قره بلاغ,17,299,384
1798,قره بلاغ,14,244,69
1799,قره بیشه,4,295,310
1800,قره پشتلوبالا,14,221,440
1801,قره پشتلوپایین,14,221,440
1802,قره چای,28,227,784
1803,قره چمن,17,273,22
1804,قره سو,2,166,607
1805,قره سو,2,370,609
1806,قره سو,22,329,814
1807,قره سو,3,382,1001
1808,قره سو شرقی,24,115,360
1809,قره سو غربی,24,115,360
1810,قره طغان,27,411,600
1811,قره قویون جنوبی,2,268,442
1812,قره قویون شمالی,2,268,620
1813,قره کهریز,28,259,443
1814,قره ناز,1,376,797
1815,قریه الخیر,17,170,171
1816,قزقانچای,8,305,20
1817,قزل آلان,24,356,526
1818,قزل اوزن,1,400,799
1819,قزل گچیلو,14,372,946
1820,قزوینه,22,337,819
1821,قشلاق,1,47,431
1822,قشلاق,1,333,5
1823,قشلاق,17,154,871
1824,قشلاق جنوبی,3,98,444
1825,قشلاق جیتو,8,310,950
1826,قشلاق شرقی,3,98,444
1827,قشلاق غربی,3,38,75
1828,قشلاقات افشار,14,151,41
1829,قصبه شرقی,11,228,642
1830,قصبه غربی,11,228,642
1831,قصلان,20,311,342
1832,قطب آباد,17,133,473
1833,قطرویه,17,417,446
1834,قطور,2,166,447
1835,قلایی,26,243,435
1836,قلتوق,14,221,942
1837,قلخانی,22,171,540
1838,قلعه,21,389,633
1839,قلعه,6,142,296
1840,قلعه بیابان,17,170,171
1841,قلعه تل,13,58,841
1842,قلعه جوق,14,372,53
1843,قلعه چنعان,13,320,853
1844,قلعه حمام,11,275,778
1845,قلعه خواجه,13,45,847
1846,قلعه دره سی,2,370,609
1847,قلعه زری,10,168,168
1848,قلعه شاهین,22,235,449
1849,قلعه عسگر,21,68,550
1850,قلعه قاضی,29,80,450
1851,قلعه قافه,24,404,760
1852,قلعه گنج,21,316,636
1853,قلعه مظفری,26,243,934
1854,قلعه میران,24,198,764
1855,قلعه نو,8,200,451
1856,قلعه هاشم,18,86,372
1857,قلقل رود,30,121,452
1858,قلندرآباد,11,298,453
1859,قمبوان,4,187,905
1860,قمرود,19,317,952
1861,قناتغستان,21,328,562
1862,قنوات,19,317,952
1863,قوچان عتیق,11,318,643
1864,قوری چای,20,188,676
1865,قوری چای شرقی,1,137,809
1866,قوری چای غربی,1,376,328
1867,قوری قلعه,22,208,377
1868,قوریگل,1,71,802
1869,قوشخانه بالا,12,274,455
1870,قوشخانه پایین,12,274,455
1871,قهاب جنوبی,4,37,886
1872,قهاب رستاق,15,172,47
1873,قهاب شمالی,4,37,886
1874,قهاب صرصر,15,172,47
1875,قهرود,4,322,454
1876,قهستان,10,175,457
1877,قهفرخ,9,271,426
1878,قیلاب,13,46,42
1879,کاخک,11,357,458
1880,کاری پی,27,54,549
1881,کارده,11,383,646
1882,کارزان,6,255,459
1883,کارواندر,16,148,659
1884,کاریزان,11,113,1034
1885,کاغذکنان شمالی,1,400,460
1886,کاغذکنان مرکزی,1,400,460
1887,کاکاشرف,26,153,928
1888,کاکان,23,89,691
1889,کاکاوندشرقی,26,181,461
1890,کاکاوندغربی,26,181,461
1891,کاکی,7,180,462
1892,کال,17,363,38
1893,کالج,27,414,597
1894,کامفیروزجنوبی,17,379,464
1895,کامفیروزشمالی,17,379,465
1896,کانی بازار,2,391,234
1897,کانی سور,20,61,1039
1898,کانی شیرین,20,192,474
1899,کاوه آهنگر,4,136,904
1900,کاه,11,173,884
1901,کاهشنگ,10,97,771
1902,کبگان,7,180,462
1903,کبگیان,23,89,466
1904,کبوترخان,21,207,624
1905,کبوترسرخ,4,136,904
1906,کبودگنبد,11,330,654
1907,کبیرکوه,6,387,518
1908,کترا,27,119,1033
1909,کتول,24,285,757
1910,کته سر خمام,25,204,235
1911,کتیج,16,301,467
1912,کجید,25,42,269
1913,کچو,4,21,885
1914,کدکن,11,114,469
1915,کذاب,31,35,231
1916,کراب,11,228,642
1917,کرات,11,111,638
1918,کرارج,4,37,886
1919,کرانی,20,96,470
1920,کرچمبوجنوبی,4,84,472
1921,کرچمبوشمالی,4,84,472
1922,کرخه,13,146,851
1923,کرزان رود,30,121,915
1924,کرسف,14,151,941
1925,کرشت,8,105,104
1926,کرغند,10,308,1051
1927,کرفتو,2,118,615
1928,کرک ونارتیج,21,75,80
1929,کرکس,4,408,899
1930,کرکوند,4,373,901
1931,کرگان,29,403,99
1932,کرگاه شرقی,26,153,928
1933,کرگاه غربی,26,153,928
1934,کرماجان,22,337,819
1935,کرند,24,359,243
1936,کرند,10,74,995
1937,کرون سفلی,4,123,476
1938,کرون علیا,4,123,476
1939,کره سنی,2,245,606
1940,کریان,29,403,723
1941,کریم آباد,8,103,382
1942,کزاز,28,259,785
1943,کسلیان,27,250,315
1944,کسما,25,277,579
1945,کشاور,2,261,477
1946,کشتگان,16,231,91
1947,کشکان جنوبی,26,143,378
1948,کشکان شمالی,26,143,378
1949,کشکسرای,1,378,798
1950,کشکوییه,21,207,478
1951,کشمیران,21,389,633
1952,کشور,26,153,117
1953,کشوری,6,52,684
1954,کشیت,21,328,524
1955,کفترک,17,273,860
1956,کفدهک,17,152,882
1957,کفش کنان,23,95,695
1958,کلاترزان,20,249,481
1959,کلاته های شرقی,15,397,949
1960,کلاته های غربی,15,260,84
1961,کلار آباد غربی,27,282,347
1962,کلار شرقی,27,282,483
1963,کلار غربی,27,282,483
1964,کلاردشت شرقی,27,331,791
1965,کلاردشت غربی,27,331,791
1966,کلارستاق شرقی,27,139,601
1967,کلارستاق غربی,27,139,601
1968,کلاشگرد,21,289,970
1969,کلاشی,22,130,484
1970,کلان,6,53,303
1971,کلبادشرقی,27,355,485
1972,کلبادغربی,27,355,485
1973,کلخوران,3,20,740
1974,کلشتر,25,210,578
1975,کلم,6,65,937
1976,کله بوزشرقی,1,400,799
1977,کله بوزغربی,1,400,799
1978,کله گان,16,231,151
1979,کلیایی,30,29,129
1980,کلیجان رستاق سفلی,27,224,593
1981,کلیجان رستاق علیا,27,224,487
1982,کلیشم,25,210,419
1983,کلین,8,200,428
1984,کمارج,17,321,491
1985,کمازان سفلی,30,385,309
1986,کمازان علیا,30,385,309
1987,کمازان وسطی,30,385,309
1988,کمال آباد,5,326,958
1989,کمال رود,30,121,452
1990,کمبل سلیمان,16,135,658
1991,کمهر,17,229,859
1992,کمین,17,102,876
1993,کنار تخته,17,321,491
1994,کنار رود,5,279,70
1995,کنارپروژ,2,245,606
1996,کناررودخانه,4,354,895
1997,کنارسر,25,204,493
1998,کنارشهر,11,67,652
1999,کناره,17,379,865
2000,کنت,16,253,1066
2001,کندوان,1,400,492
2002,کندوله,22,276,265
2003,کنگان,29,126,724
2004,کنگور,24,332,762
2005,کنویست,11,383,646
2006,کوار,17,338,881
2007,کوت عبدالله,13,320,853
2008,کوتک,21,344,629
2009,کوخرد,29,72,494
2010,کوری,7,129,704
2011,کورین,16,217,496
2012,کوسالان,20,240,675
2013,کوشک,13,45,4
2014,کوشک,31,60,711
2015,کوشک قاضی,17,299,861
2016,کوشک هزار,17,229,113
2017,کوشکنار,29,101,498
2018,کولکنی,6,176,560
2019,کوله,20,192,317
2020,کوماسی,20,380,672
2021,کوه پناه,28,117,781
2022,کوه پنج,21,68,630
2023,کوه خواجه,16,424,146
2024,کوه دشت,4,322,1048
2025,کوه دشت جنوبی,26,341,931
2026,کوه دشت شمالی,26,341,931
2027,کوه سرده,30,385,916
2028,کوه سفید,16,148,659
2029,کوه شاه,29,145,18
2030,کوه مره خامی,23,57,985
2031,کوه مره سرخی,17,273,22
2032,کوه همایی,11,228,277
2033,کوه یخاب,10,280,248
2034,کوهپایه,28,227,1041
2035,کوهپایه,4,322,894
2036,کوهپایه,11,67,652
2037,کوهپایه شرقی,18,4,752
2038,کوهپایه غربی,18,4,752
2039,کوهدشت شرقی,27,399,966
2040,کوهدشت غربی,27,399,966
2041,کوهسار,28,259,443
2042,کوهسار,1,427,800
2043,کوهسار,4,165,888
2044,کوهساران,27,307,595
2045,کوهستان,1,283,448
2046,کوهستان,17,170,273
2047,کوهستان,4,405,897
2048,کوهستان,27,94,590
2049,کوهستان,27,139,571
2050,کوهستان,21,211,150
2051,کوهستانی تالش,25,281,575
2052,کوهسنگی,11,111,1020
2053,کوهک,17,133,857
2054,کوهک,16,231,1017
2055,کوهگیر,18,312,409
2056,کوهمره,17,321,505
2057,کوهنانی,26,341,506
2058,کوهنجان,17,241,507
2059,کوهین,30,325,919
2060,کویر,4,7,509
2061,کویر,11,158,385
2062,کویر,10,280,266
2063,کویرات,4,7,509
2064,کویرات,21,328,187
2065,کهدوییه,31,116,515
2066,کهرویه,4,270,893
2067,کهریزک,8,200,510
2068,کهک,19,317,511
2069,کهن آباد,15,6,512
2070,کهنوک,16,148,56
2071,کهورستان,29,159,728
2072,کهیر,16,335,665
2073,کهیری,16,420,13
2074,کیارس,13,347,846
2075,کیارشرقی,9,345,683
2076,کیارغربی,9,345,683
2077,کیاشهر,25,10,513
2078,کیاکلا,27,257,792
2079,کیبر,11,164,165
2080,کیسکان,21,59,621
2081,کیسم,25,10,573
2082,کیش,29,82,514
2083,کیشکور,16,233,329
2084,کیوان,1,150,812
2085,کیونانات,22,248,486
2086,گابریک,29,126,724
2087,گاریزات,31,116,515
2088,گافر,29,73,516
2089,گاماسیاب,22,276,822
2090,گاماسیاب,30,415,917
2091,گاوخونی,4,37,93
2092,گاودول شرقی,1,386,807
2093,گاودول غربی,1,386,807
2094,گاودول مرکزی,1,386,807
2095,گاورود,22,248,817
2096,گاورود,20,324,1008
2097,گاوکان,21,214,637
2098,گتاب جنوبی,27,54,517
2099,گتاب شمالی,27,54,517
2100,گچلرات شرقی,2,107,23
2101,گچلرات غربی,2,107,23
2102,گچی,6,387,518
2103,گچین,29,80,720
2104,گرجی,4,84,908
2105,گرده,3,412,747
2106,گرکان,28,11,780
2107,گرکن,4,373,519
2108,گرکن شمالی,4,300,128
2109,گرگان بوی,24,13,761
2110,گرگین,20,96,470
2111,گرما دوزغربی,1,150,520
2112,گرماب,27,224,201
2113,گرمادوزشرقی,1,150,520
2114,گرمخان,12,64,521
2115,گرمدره,5,326,958
2116,گرمسار,21,286,154
2117,گرمسیر,4,21,1013
2118,گرمه,17,379,465
2119,گرمه جنوبی,1,400,799
2120,گرمه شمالی,1,400,492
2121,گرو,24,404,502
2122,گریت,26,153,117
2123,گرین,30,415,305
2124,گزیک,10,175,522
2125,گزین,13,428,275
2126,گشت,25,302,580
2127,گشت,16,231,662
2128,گفشه لشت نشاء,25,204,551
2129,گل بانو,11,113,116
2130,گل برنجی,17,133,232
2131,گل بی بی,11,236,570
2132,گل تپه,20,242,316
2133,گل تپه,30,325,523
2134,گل سفید,25,368,581
2135,گل گل,26,341,931
2136,گلاب,4,322,79
2137,گلابر,14,49,943
2138,گلچیدر,20,380,339
2139,گلخندان,8,105,104
2140,گلزار,21,68,527
2141,گلسار,4,165,888
2142,گلستان,21,254,528
2143,گلستان,4,300,456
2144,گلستان,24,346,556
2145,گلستان,12,352,994
2146,گلشن,10,280,776
2147,گلمکان,11,144,525
2148,گله دار,17,393,531
2149,گله زن,28,160,782
2150,گلی داغ,24,377,532
2151,گلیان,12,274,768
2152,گلیجان,27,119,591
2153,گنبد,30,429,918
2154,گنبد علوی,16,182,979
2155,گنبر,1,31,808
2156,گنبکی,21,214,534
2157,گنج آباد,21,134,34
2158,گنج افروز,27,54,589
2159,گندمان,9,70,535
2160,گواور,22,360,536
2161,گودرزی,26,69,37
2162,گوده,29,72,727
2163,گودین,22,337,819
2164,گور,21,134,319
2165,گوراب,6,189,327
2166,گوراب پس,25,302,580
2167,گوراب زرمیخ,25,277,1023
2168,گورانی,22,171,540
2169,گوربند,29,403,723
2170,گورک سردشت,2,238,608
2171,گورک نعلین,2,238,1054
2172,گورکا,25,10,573
2173,گوزل دره,14,244,69
2174,گوغر,21,59,621
2175,گوگ تپه,3,98,742
2176,گونی شرقی,1,263,803
2177,گونی غربی,1,263,138
2178,گونی مرکزی,1,263,803
2179,گوهران,2,166,607
2180,گوهران,29,73,538
2181,گوهرکوه,16,148,1046
2182,گویجه بل,1,47,794
2183,گهرباران جنوبی,27,399,539
2184,گهرباران شمالی,27,399,539
2185,گهره,29,80,437
2186,گیان,30,415,541
2187,گیفان,12,64,521
2188,گیل دولاب,25,206,585
2189,گیلوان,14,278,945
2190,لات لیل,25,368,39
2191,لادیز,16,402,544
2192,لار,9,271,545
2193,لارک,29,313,722
2194,لاریجان سفلی,27,14,546
2195,لاریم,27,131,542
2196,لاسگرد,15,237,334
2197,لاشارجنوبی,16,420,547
2198,لاشارشمالی,16,420,547
2199,لاکان,25,204,577
2200,لاله آباد,27,54,549
2201,لاله زار,21,68,550
2202,لامی,13,48,829
2203,لانو,10,234,246
2204,لاوان,29,82,514
2205,لاویج,27,413,193
2206,لاهرود,3,382,1001
2207,لاهیجان,1,112,228
2208,لاهیجان,2,108,605
2209,لاهیجان شرقی,2,108,543
2210,لاهیجان غربی,2,108,543
2211,لای سیاه,4,405,897
2212,لجران,15,351,708
2213,لفمجان,25,364,582
2214,لفور,27,251,793
2215,لک,20,311,342
2216,لکستان,2,245,606
2217,للر کتک,13,45,191
2218,لنگارود شرقی,27,282,965
2219,لنگارود غربی,27,282,965
2220,لواسان بزرگ,8,265,553
2221,لواسان کوچک,8,265,553
2222,لوتک,16,424,910
2223,لوداب,23,89,554
2224,لولمان,25,204,493
2225,لولمان,25,302,580
2226,لومار,6,255,936
2227,لوندویل,25,9,555
2228,لیالستان,25,364,582
2229,لیچارکی حسن رود,25,79,574
2230,لیراوی جنوبی,7,191,44
2231,لیراوی شمالی,7,191,703
2232,لیراوی میانی,7,191,44
2233,لیسار,25,281,475
2234,لیشتر,23,348,693
2235,لیل,25,364,582
2236,لیلان جنوبی,1,386,558
2237,لیلان شمالی,1,386,558
2238,لیوان,24,81,1047
2239,ماچیان,25,212,482
2240,مادرسلیمان,17,102,123
2241,ماربین سفلی,4,161,887
2242,ماربین علیا,4,161,887
2243,ماربین وسطی,4,161,887
2244,مارز,21,316,183
2245,مارگان,16,433,978
2246,مارگون,23,89,559
2247,مازو,13,46,42
2248,مازول,11,419,647
2249,ماژین,6,176,560
2250,ماسال,25,369,587
2251,ماسبی,6,3,689
2252,ماکوان,22,104,74
2253,مالفجان,25,252,586
2254,مالمیر,28,259,330
2255,مالوجه,20,311,255
2256,مالین,11,56,976
2257,ماماتین,13,197,287
2258,ماه نشان,14,372,946
2259,ماهان,21,328,562
2260,ماهرو,26,41,306
2261,ماهور,17,388,563
2262,ماهوربرنجی,13,177,337
2263,ماهیدشت,22,329,564
2264,مبارک آباد,17,319,873
2265,مبارکه,31,60,711
2266,مجدآباد,17,379,865
2267,محترم آباد,16,301,467
2268,محسن آب,6,394,688
2269,محمدآباد,17,379,865
2270,محمدآباد,21,218,625
2271,محمدآباد,21,286,632
2272,محمدآباد,16,424,910
2273,محمدآباد,31,434,294
2274,محمدآباد,5,326,958
2275,محمدیه,31,22,710
2276,محمله,17,162,567
2277,محمودآباد,2,261,614
2278,محمودآباد,4,37,886
2279,محمودآباد,3,100,133
2280,محمودآبادسید,21,254,313
2281,مخت,16,420,663
2282,مدوارات,21,269,627
2283,مذکوره,27,224,593
2284,مراوه تپه,24,377,992
2285,مرحمت آباد,2,398,611
2286,مرحمت آبادجنوبی,2,398,611
2287,مرحمت آبادشمالی,2,398,569
2288,مرحمت آبادمیانی,2,398,569
2289,مردهک,21,286,154
2290,مرزداران,11,236,570
2291,مرغا,13,50,830
2292,مرغملک,9,271,545
2293,مرکزی,7,180,699
2294,مرکیه,25,277,1023
2295,مرگور,2,26,364
2296,مریدان,25,368,499
2297,مزایجان,17,85,997
2298,مزرعه جنوبی,24,13,1055
2299,مزرعه شمالی,24,13,1055
2300,مزرعه نو,28,11,780
2301,مزینان,11,173,884
2302,مسافرآباد,29,209,285
2303,مسکوتان,16,301,913
2304,مسکون,21,134,153
2305,مشایخ,17,388,254
2306,مشایخ,9,345,1030
2307,مشراگه,13,196,998
2308,مشرحات,13,48,423
2309,مشک آباد,28,19,1003
2310,مشکان,17,417,125
2311,مشکان,11,169,999
2312,مشکین آباد,5,294,1000
2313,مشگین شرقی,3,382,743
2314,مشگین غربی,3,382,445
2315,مشهدالکوبه,28,19,320
2316,مشهدمیقان,28,19,779
2317,مشیز,21,68,630
2318,مصعبی,10,232,14
2319,معجزات,14,221,942
2320,معزآباد,17,152,882
2321,معزیه,21,328,187
2322,معصومیه,28,19,1003
2323,معلم کلایه,18,312,278
2324,معمولان,26,106,1004
2325,مغویه,29,82,721
2326,مفتح,30,290,982
2327,مقام,29,82,395
2328,مکریان شرقی,2,391,610
2329,مکریان شمالی,2,398,611
2330,مکریان غربی,2,391,610
2331,ملاثانی,13,62,850
2332,ملارد جنوبی,8,384,990
2333,ملارد شمالی,8,384,990
2334,ملاسرا,25,264,583
2335,ملاوی,26,106,933
2336,ملایعقوب,1,230,796
2337,ملک آباد,21,254,528
2338,ملکاری,2,238,1054
2339,منتظریه,10,280,776
2340,منج,9,365,1006
2341,منجوان شرقی,1,150,1007
2342,منجوان غربی,1,150,1007
2343,منجیل آباد,8,201,737
2344,منصورآقایی,22,208,377
2345,منصوری,22,32,212
2346,منظریه,4,270,893
2347,منگشت,13,58,841
2348,منگورشرقی,2,391,234
2349,منگورغربی,2,108,605
2350,مواضع خان شرقی,1,426,238
2351,مواضع خان شمالی,1,426,238
2352,مود,10,234,1009
2353,موران,13,320,358
2354,مورتان,16,233,121
2355,مورچه خورت,4,262,900
2356,مورموری,6,3,479
2357,موزاران,30,385,916
2358,موسی آباد,4,187,905
2359,مولان,1,333,804
2360,مومن آباد,21,407,276
2361,مومن آباد,10,234,773
2362,مویز,8,272,735
2363,مه ولات جنوبی,11,390,656
2364,مه ولات شمالی,11,390,369
2365,مهاجران,30,91,548
2366,مهارلو,17,241,507
2367,مهبان,16,420,663
2368,مهر,17,393,874
2369,مهر,11,173,67
2370,مهرآباد,31,16,107
2371,مهرآباد,8,184,288
2372,مهران,29,82,1014
2373,مهرانرودجنوبی,1,71,802
2374,مهرانرودمرکزی,1,71,802
2375,مهربان سفلی,30,325,523
2376,مهربان علیا,30,325,397
2377,مهرگان,29,101,729
2378,مهروان,27,411,600
2379,مهروییه,21,289,970
2380,مهماندوست,3,418,495
2381,مهیار,10,308,774
2382,میامی,11,383,274
2383,میامی,15,397,949
2384,میان آب جنوبی,13,267,1018
2385,میان آب شمالی,13,267,1018
2386,میان بند,27,413,596
2387,میان جام,11,113,640
2388,میان جوین,11,127,1061
2389,میان خواف,11,164,649
2390,میان دربند,22,329,814
2391,میان دشت,12,125,767
2392,میان رخ,11,114,164
2393,میان رود,30,121,452
2394,میان طالقان,5,279,961
2395,میان کاله,27,94,590
2396,میان کوه موگویی,9,342,682
2397,میان ولایت,11,383,646
2398,میاندشت,4,322,894
2399,میاندشت,10,175,772
2400,میاندورود بزرگ,27,399,966
2401,میاندورودکوچک,27,224,593
2402,میانده,17,299,394
2403,میانرود,27,413,193
2404,میانرود,20,249,362
2405,میانکوه,11,174,181
2406,میانکوه,9,23,1021
2407,میانکوه,31,396,713
2408,میانکوه شرقی,26,106,1004
2409,میانکوه غربی,26,106,933
2410,میدان چای,1,112,795
2411,میداود,13,58,1022
2412,میرآباد,16,76,480
2413,میرده,20,242,669
2414,میرشمس الدین,27,119,591
2415,میریگ جنوبی,26,181,929
2416,میریگ شمالی,26,181,929
2417,میزدج سفلی,9,287,178
2418,میزدج علیا,9,287,679
2419,میش خاص,6,52,367
2420,میشاب شمالی,1,378,798
2421,میشان,17,388,563
2422,میشوجنوبی,1,263,405
2423,میشه پاره,1,333,804
2424,میغان,10,416,775
2425,میلاجرد,28,334,1024
2426,میلاس,9,365,680
2427,میلانلو,12,30,765
2428,میمنت,8,92,529
2429,میمند,21,269,627
2430,میناباد,3,412,421
2431,مینان,16,233,329
2432,مینوبار,13,1,28
2433,ناتل رستاق,27,413,193
2434,ناتل کنارسفلی,27,413,596
2435,ناتل کنارعلیا,27,413,596
2436,نارپ,21,68,1037
2437,نارستان,31,22,416
2438,نازلوی جنوبی,2,26,604
2439,نازلوچای,2,26,1029
2440,نازلوشمالی,2,26,1029
2441,نازیل,16,148,1046
2442,ناصری,13,258,236
2443,ناصریه,21,214,534
2444,ناغان,9,345,1030
2445,ناهوک,16,231,151
2446,نای بند,7,284,184
2447,نبوت,6,53,690
2448,نجف آباد,21,254,626
2449,نجف آباد,20,96,668
2450,نجم آباد,5,409,960
2451,نخلستان,21,344,629
2452,نخلستان,4,167,907
2453,نخلستان,10,280,776
2454,ندوشن,31,401,1032
2455,نران,20,249,670
2456,نرجه,18,110,750
2457,نردین,15,397,463
2458,نرگسان,21,286,154
2459,نساء,5,326,8
2460,نسکند,16,233,329
2461,نشتیفان,11,164,649
2462,نصار,13,1,28
2463,نصرآباد,22,314,818
2464,نصراباد,31,116,712
2465,نصرت آباد,16,217,1035
2466,نصرت آباد,18,40,753
2467,نصروان,17,170,858
2468,نظام آباد,24,8,763
2469,نظرکهریزی,1,427,1036
2470,نفتلیجه,24,356,993
2471,نقدی,3,382,1001
2472,نقدوز,1,47,431
2473,نقش رستم,17,379,865
2474,نگار,21,68,1037
2475,نگل,20,249,481
2476,نگور,16,135,253
2477,نگین کویر,21,303,1038
2478,نمه شیر,20,61,1039
2479,ننور,20,61,1040
2480,نوآباد,13,1,28
2481,نوبندگان,17,299,1042
2482,نوجه مهر,1,128,368
2483,نوجین,17,291,875
2484,نودژ,21,389,10
2485,نورآباد,21,389,633
2486,نورآباد,4,373,519
2487,نورآباد,26,181,929
2488,نورعلی,26,181,929
2489,نورعلی بیک,28,227,784
2490,نوشر خشکبیجار,25,204,230
2491,نوکنده کا,27,307,595
2492,نه,10,416,775
2493,نهارجان,10,234,1009
2494,نهرعنبر,6,189,1011
2495,نهرمیان,28,259,297
2496,نهضت آباد,21,211,635
2497,نیارک,18,312,409
2498,نیاسر,4,322,1048
2499,نیزار,19,317,346
2500,نیسان,13,432,1050
2501,نیلکوه,24,346,954
2502,نیمبلوک,10,308,1051
2503,نیوان,4,354,895
2504,والانجرد,26,69,927
2505,وچ کبود,6,3,326
2506,وحدت,21,218,625
2507,وحدت,23,367,1012
2508,وحدت,5,294,963
2509,وحدتیه,7,179,343
2510,وراوی,17,393,1052
2511,ورپشت,4,123,903
2512,وردشت,4,247,1053
2513,وردنجان,9,77,924
2514,ورزق,4,295,310
2515,ورزق جنوبی,4,295,890
2516,ورقه,1,137,809
2517,ورگهان,1,47,794
2518,وفس,28,334,788
2519,وکیل آباد,21,24,883
2520,ولدیان,2,166,60
2521,ولوپی,27,250,594
2522,ولی آباد,8,310,950
2523,ونداده,4,262,1026
2524,ونک,4,247,889
2525,وهن آباد,8,201,737
2526,ویرمونی,25,9,572
2527,ویژنان,22,360,820
2528,ویس,13,62,1056
2529,ویسیان,26,143,1057
2530,ویلکیج جنوبی,3,412,1058
2531,ویلکیج شمالی,3,412,747
2532,ویلکیج مرکزی,3,412,1058
2533,هپرو,13,58,841
2534,هتکه,27,251,1028
2535,هجداندشت,6,394,400
2536,هجر,22,276,822
2537,هرابرجان,31,147,996
2538,هرازپی جنوبی,27,14,588
2539,هرازپی شمالی,27,375,333
2540,هرازپی غربی,27,375,599
2541,هرزندات شرقی,1,378,798
2542,هرزندات غربی,1,378,798
2543,هرسم,22,32,212
2544,هرگان,17,417,867
2545,هرم,17,361,179
2546,هرنگ,29,72,494
2547,هروز,21,199,503
2548,هریرود,11,113,100
2549,هزارمسجد,11,330,654
2550,هستیجان,28,183,783
2551,هشیوار,17,170,858
2552,هفت آشیان,22,329,497
2553,هفت جوی,8,309,989
2554,هفدر,15,237,334
2555,هق,2,36,1031
2556,هگمتانه,30,429,918
2557,هلایجان,13,50,830
2558,هلونچگان,16,315,912
2559,هلیل,21,134,623
2560,هلیلان,6,142,1062
2561,همایجان,17,229,1063
2562,همبرات,4,21,1013
2563,همت آباد,26,69,927
2564,همدانک,8,92,102
2565,همگین,4,187,905
2566,هنام,26,243,934
2567,هندمینی,6,65,1064
2568,هندوخاله,25,277,144
2569,هندودر,28,259,330
2570,هندیجان شرقی,13,430,844
2571,هندیجان غربی,13,430,844
2572,هنزا,21,193,1065
2573,هنگام,17,319,873
2574,هنگام,29,313,389
2575,هودیان,16,182,979
2576,هوره,9,225,299
2577,هولاسو,2,261,614
2578,هولی,22,104,815
2579,هویزه جنوبی,13,432,849
2580,هویزه شمالی,13,432,849
2581,هیت,16,315,912
2582,هیچان,16,420,663
2583,هیدوچ,16,253,1066
2584,هیر,3,20,1067
2585,هیو,5,226,959
2586,یاتری,15,6,948
2587,یافت,3,382,568
2588,یالغوزآغاج,20,311,342
2589,یام,11,169,999
2590,یزدان آباد,21,218,1070
2591,یکانات,1,378,1068
2592,ینقاق,24,346,954
2593,ینگجه,1,5,214
2594,یورتچی شرقی,3,418,495
2595,یورتچی غربی,3,418,748
2596,یوسف وند,26,243,934
2597,یولاگلدی,2,268,620
2598,یونسی,11,63,1071
2599,ییلاق,1,333,804
2600,ییلاق,4,84,908
2601,ییلاقی ارده,25,206,124
