1,1,1,آذرشهر
2,1,1,تیمورلو
3,1,1,ممقان
4,1,1,گوگان
5,1,2,اسکو
6,1,2,ایلخچی
7,1,2,سهند
8,1,3,اهر
9,1,3,هوراند
10,1,4,بستان آباد
11,1,4,تیکمه داش
12,1,5,بناب
13,1,6,باسمنج
14,1,6,تبریز
15,1,6,خسروشاه
16,1,6,سردرود
17,1,7,جلفا
18,1,7,سیه رود
19,1,7,هادیشهر
20,1,8,خمارلو
21,1,9,دوزدوزان
22,1,9,سراب
23,1,9,شربیان
24,1,9,مهربان
25,1,10,تسوج
26,1,10,خامنه
27,1,10,سیس
28,1,10,شبستر
29,1,10,شرفخانه
30,1,10,شندآباد
31,1,10,صوفیان
32,1,10,وایقان
33,1,10,کوزه کنان
34,1,11,جوان قلعه
35,1,11,عجب شیر
36,1,12,خداجو(خراجو)
37,1,12,مراغه
38,1,13,بناب مرند
39,1,13,زنوز
40,1,13,مرند
41,1,13,کشکسرای
42,1,13,یامچی
43,1,14,لیلان
44,1,14,مبارک شهر
45,1,14,ملکان
46,1,15,آقکند
47,1,15,اچاچی
48,1,15,ترک
49,1,15,ترکمانچای
50,1,15,میانه
51,1,16,بخشایش
52,1,16,خواجه
53,1,16,زرنق
54,1,16,هریس
55,1,16,کلوانق
56,1,17,نظرکهریزی
57,1,17,هشترود
58,1,18,خاروانا
59,1,18,ورزقان
60,1,19,قره آغاج
61,1,20,آبش احمد
62,1,20,کلیبر
63,2,21,ارومیه
64,2,21,سرو
65,2,21,سیلوانه
66,2,21,قوشچی
67,2,21,نوشین
68,2,22,اشنویه
69,2,22,نالوس
70,2,23,بوکان
71,2,23,سیمینه
72,2,24,تکاب
73,2,25,ایواوغلی
74,2,25,خوی
75,2,25,دیزج دیز
76,2,25,زرآباد
77,2,25,فیرورق
78,2,25,قطور
79,2,26,ربط
80,2,26,سردشت
81,2,26,میرآباد
82,2,27,تازه شهر
83,2,27,سلماس
84,2,28,شاهین دژ
85,2,28,محمودآباد
86,2,28,کشاورز
87,2,29,شوط
88,2,29,مرگنلر
89,2,30,بازرگان
90,2,30,ماکو
91,2,31,خلیفان
92,2,31,مهاباد
93,2,32,باروق
94,2,32,میاندوآب
95,2,32,چهاربرج
96,2,33,محمدیار
97,2,33,نقده
98,2,34,نازک علیا
99,2,34,پلدشت
100,2,35,پیرانشهر
101,2,35,گردکشانه
102,2,36,آواجیق
103,2,36,سیه چشمه
104,2,37,قره ضیاءالدین
105,3,38,اردبیل
106,3,38,هیر
107,3,39,بیله سوار
108,3,39,جعفرآباد
109,3,40,خلخال
110,3,40,هشتجین
111,3,40,کلور
112,3,41,سرعین
113,3,42,رضی
114,3,42,فخراباد
115,3,42,قصابه
116,3,42,لاهرود
117,3,42,مرادلو
118,3,42,مشگین شهر
119,3,43,آبی بیگلو
120,3,43,عنبران
121,3,43,نمین
122,3,44,نیر
123,3,44,کوراییم
124,3,45,اسلام اباد
125,3,45,اصلاندوز
126,3,45,تازه کند
127,3,45,پارس آباد
128,3,46,گیوی
129,3,47,تازه کندانگوت
130,3,47,گرمی
131,4,48,آران وبیدگل
132,4,48,ابوزیدآباد
133,4,48,سفیدشهر
134,4,48,نوش آباد
135,4,49,اردستان
136,4,49,زواره
137,4,49,مهاباد
138,4,50,اصفهان
139,4,50,اژیه
140,4,50,بهارستان
141,4,50,تودشک
142,4,50,حسن اباد
143,4,50,زیار
144,4,50,سجزی
145,4,50,قهجاورستان
146,4,50,محمدآباد
147,4,50,نصرآباد
148,4,50,نیک آباد
149,4,50,هرند
150,4,50,ورزنه
151,4,50,کوهپایه
152,4,51,حبیب آباد
153,4,51,خورزوق
154,4,51,دستگرد
155,4,51,دولت آباد
156,4,51,سین
157,4,51,شاپورآباد
158,4,51,کمشچه
159,4,52,افوس
160,4,52,بویین ومیاندشت
161,4,53,تیران
162,4,53,رضوانشهر
163,4,53,عسگران
164,4,54,اصغرآباد
165,4,54,خمینی شهر
166,4,54,درچه
167,4,54,کوشک
168,4,55,خوانسار
169,4,56,جندق
170,4,56,خور
171,4,56,فرخی
172,4,57,دهاقان
173,4,57,گلشن
174,4,58,حنا
175,4,58,سمیرم
176,4,58,ونک
177,4,58,کمه
178,4,59,شاهین شهر
179,4,59,لای بید
180,4,59,میمه
181,4,59,وزوان
182,4,59,گرگاب
183,4,59,گزبرخوار
184,4,60,شهرضا
185,4,60,منظریه
186,4,61,داران
187,4,61,دامنه
188,4,62,برف انبار
189,4,62,فریدونشهر
190,4,63,ابریشم
191,4,63,ایمانشهر
192,4,63,بهاران شهر
193,4,63,زازران
194,4,63,فلاورجان
195,4,63,قهدریجان
196,4,63,پیربکران
197,4,63,کلیشادوسودرجان
198,4,64,باغ بهادران
199,4,64,باغشاد
200,4,64,زاینده رود
201,4,64,زرین شهر
202,4,64,سده لنجان
203,4,64,فولادشهر
204,4,64,ورنامخواست
205,4,64,چرمهین
206,4,64,چمگردان
207,4,65,دیزیچه
208,4,65,زیباشهر
209,4,65,طالخونچه
210,4,65,مبارکه
211,4,65,مجلسی
212,4,65,کرکوند
213,4,66,انارک
214,4,66,بافران
215,4,66,نایین
216,4,67,جوزدان
217,4,67,دهق
218,4,67,علویجه
219,4,67,نجف آباد
220,4,67,کهریزسنگ
221,4,67,گلدشت
222,4,68,بادرود
223,4,68,خالدآباد
224,4,68,طرق رود
225,4,68,نطنز
226,4,69,رزوه
227,4,69,چادگان
228,4,70,برزک
229,4,70,جوشقان قالی
230,4,70,قمصر
231,4,70,مشکات
232,4,70,نیاسر
233,4,70,کاشان
234,4,70,کامو و چوگان
235,4,71,گلشهر
236,4,71,گلپایگان
237,4,71,گوگد
238,5,72,اشتهارد
239,5,73,شهرجدیدهشتگرد
240,5,73,هشتگرد
241,5,73,چهارباغ
242,5,73,کوهسار
243,5,73,گلسار
244,5,74,طالقان
245,5,75,فردیس
246,5,75,مشکین دشت
247,5,76,تنکمان
248,5,76,نظرآباد
249,5,77,آسارا
250,5,77,ماهدشت
251,5,77,محمدشهر
252,5,77,کرج
253,5,77,کمال شهر
254,5,77,گرمدره
255,6,78,آبدانان
256,6,78,سراب باغ
257,6,78,مورموری
258,6,79,ایلام
259,6,79,چوار
260,6,80,ایوان
261,6,80,زرنه
262,6,81,بدره
263,6,82,دره شهر
264,6,82,ماژین
265,6,83,دهلران
266,6,83,موسیان
267,6,83,میمه
268,6,83,پهله
269,6,84,لومار
270,6,85,ارکواز
271,6,85,دلگشا
272,6,85,مهر
273,6,86,صالح آباد
274,6,86,مهران
275,6,87,آسمان آباد
276,6,87,بلاوه
277,6,87,توحید
278,6,87,سرابله
279,6,87,شباب
280,7,88,بوشهر
281,7,88,خارک
282,7,88,عالی شهر
283,7,88,چغادک
284,7,89,آباد
285,7,89,اهرم
286,7,89,دلوار
287,7,90,انارستان
288,7,90,جم
289,7,90,ریز
290,7,91,آب پخش
291,7,91,برازجان
292,7,91,بوشکان
293,7,91,تنگ ارم
294,7,91,دالکی
295,7,91,سعد آباد
296,7,91,شبانکاره
297,7,91,وحدتیه
298,7,91,کلمه
299,7,92,بادوله
300,7,92,خورموج
301,7,92,شنبه
302,7,92,کاکی
303,7,93,آبدان
304,7,93,بردخون
305,7,93,بردستان
306,7,93,بندردیر
307,7,93,دوراهک
308,7,94,امام حسن
309,7,94,بندردیلم
310,7,95,عسلویه
311,7,95,نخل تقی
312,7,96,بندرکنگان
313,7,96,بنک
314,7,96,سیراف
315,7,97,بندرریگ
316,7,97,بندرگناوه
317,8,98,احمد آباد مستوفی
318,8,98,اسلامشهر
319,8,98,چهاردانگه
320,8,99,صالحیه
321,8,99,نسیم شهر
322,8,99,گلستان
323,8,100,تهران
324,8,101,آبسرد
325,8,101,آبعلی
326,8,101,دماوند
327,8,101,رودهن
328,8,101,کیلان
329,8,102,رباطکریم
330,8,102,نصیرشهر
331,8,102,پرند
332,8,103,باقرشهر
333,8,103,حسن آباد
334,8,103,ری
335,8,103,کهریزک
336,8,104,تجریش
337,8,104,شمشک
338,8,104,فشم
339,8,104,لواسان
340,8,105,اندیشه
341,8,105,باغستان
342,8,105,شاهدشهر
343,8,105,شهریار
344,8,105,صباشهر
345,8,105,فردوسیه
346,8,105,وحیدیه
347,8,106,ارجمند
348,8,106,فیروزکوه
349,8,107,قدس
350,8,108,قرچک
351,8,109,صفادشت
352,8,109,ملارد
353,8,110,جوادآباد
354,8,110,ورامین
355,8,111,شریف آباد
356,8,111,فرون اباد
357,8,111,پاکدشت
358,8,112,بومهن
359,8,112,پردیس
360,8,113,پیشوا
361,10,114,ارسک
362,10,114,بشرویه
363,10,115,بیرجند
364,10,116,خوسف
365,10,116,محمدشهر
366,10,117,اسدیه
367,10,117,طبس مسینا
368,10,117,قهستان
369,10,117,گزیک
370,10,118,حاجی آباد
371,10,118,زهان
372,10,119,آیسک
373,10,119,سرایان
374,10,119,سه قلعه
375,10,120,سربیشه
376,10,120,مود
377,10,121,دیهوک
378,10,121,طبس
379,10,121,عشق آباد
380,10,122,اسلامیه
381,10,122,فردوس
382,10,123,آرین شهر
383,10,123,اسفدن
384,10,123,خضری دشت بیاض
385,10,123,قاین
386,10,123,نیمبلوک
387,10,124,شوسف
388,10,124,نهبندان
389,11,125,باخرز
390,11,126,بجستان
391,11,126,یونسی
392,11,127,انابد
393,11,127,بردسکن
394,11,127,شهراباد
395,11,128,شاندیز
396,11,128,طرقبه
397,11,129,تایباد
398,11,129,مشهدریزه
399,11,129,کاریز
400,11,130,احمدابادصولت
401,11,130,تربت جام
402,11,130,صالح آباد
403,11,130,نصرآباد
404,11,130,نیل شهر
405,11,131,بایک
406,11,131,تربت حیدریه
407,11,131,رباط سنگ
408,11,131,کدکن
409,11,132,جغتای
410,11,133,نقاب
411,11,134,خلیل آباد
412,11,134,کندر
413,11,135,خواف
414,11,135,سلامی
415,11,135,سنگان
416,11,135,قاسم آباد
417,11,135,نشتیفان
418,11,136,سلطان آباد
419,11,137,داورزن
420,11,138,درگز
421,11,138,لطف آباد
422,11,138,نوخندان
423,11,138,چاپشلو
424,11,139,جنگل
425,11,139,رشتخوار
426,11,140,دولت آباد
427,11,141,روداب
428,11,141,سبزوار
429,11,141,ششتمد
430,11,142,سرخس
431,11,142,مزدآوند
432,11,143,سفیدسنگ
433,11,143,فرهادگرد
434,11,143,فریمان
435,11,143,قلندرآباد
436,11,144,فیروزه
437,11,144,همت آباد
438,11,145,باجگیران
439,11,145,قوچان
440,11,146,رضویه
441,11,146,مشهد
442,11,146,مشهد ثامن
443,11,146,ملک آباد
444,11,147,شادمهر
445,11,147,فیض آباد
446,11,148,بار
447,11,148,خرو
448,11,148,درود
449,11,148,عشق آباد
450,11,148,قدمگاه
451,11,148,نیشابور
452,11,148,چکنه
453,11,149,چناران
454,11,149,گلبهار
455,11,149,گلمکان
456,11,150,ریوش
457,11,150,کاشمر
458,11,151,شهرزو
459,11,151,کلات
460,11,152,بیدخت
461,11,152,کاخک
462,11,152,گناباد
463,12,153,اسفراین
464,12,153,صفی آباد
465,12,154,بجنورد
466,12,154,حصارگرمخان
467,12,154,چناران شهر
468,12,155,جاجرم
469,12,155,سنخواست
470,12,155,شوقان
471,12,156,راز
472,12,157,زیارت
473,12,157,شیروان
474,12,157,قوشخانه
475,12,157,لوجلی
476,12,158,تیتکانلو
477,12,158,فاروج
478,12,159,آشخانه
479,12,159,آوا
480,12,159,قاضی
481,12,159,پیش قلعه
482,12,160,ایور
483,12,160,درق
484,12,160,گرمه
485,13,161,آبادان
486,13,161,اروندکنار
487,13,161,چویبده
488,13,162,آغاجاری
489,13,163,امیدیه
490,13,163,جایزان
491,13,164,آزادی
492,13,164,اندیمشک
493,13,164,بیدروبه
494,13,164,حسینیه
495,13,164,چم گلک
496,13,165,آبژدان
497,13,165,قلعه خواجه
498,13,166,الهایی
499,13,166,اهواز
500,13,167,ایذه
501,13,167,دهدز
502,13,168,باغ ملک
503,13,168,صیدون
504,13,168,قلعه تل
505,13,168,میداود
506,13,169,شیبان
507,13,169,ملاثانی
508,13,169,ویس
509,13,170,بندرامام خمینی
510,13,170,بندرماهشهر
511,13,170,چمران
512,13,171,بهبهان
513,13,171,تشان
514,13,171,سردشت
515,13,171,منصوریه
516,13,172,حمیدیه
517,13,173,خرمشهر
518,13,173,مقاومت
519,13,173,مینوشهر
520,13,174,حمزه
521,13,174,دزفول
522,13,174,سالند
523,13,174,سیاه منصور
524,13,174,شمس آباد
525,13,174,شهر امام
526,13,174,صفی آباد
527,13,174,میانرود
528,13,174,چغامیش
529,13,175,ابوحمیظه
530,13,175,بستان
531,13,175,سوسنگرد
532,13,175,کوت سیدنعیم
533,13,176,رامشیر
534,13,176,مشراگه
535,13,177,رامهرمز
536,13,178,خنافره
537,13,178,دارخوین
538,13,178,شادگان
539,13,179,الوان
540,13,179,حر
541,13,179,شاوور
542,13,179,شوش
543,13,179,فتح المبین
544,13,180,سرداران
545,13,180,شرافت
546,13,180,شوشتر
547,13,180,گوریه
548,13,181,لالی
549,13,182,مسجدسلیمان
550,13,182,گلگیر
551,13,183,هفتگل
552,13,184,زهره
553,13,184,هندیجان
554,13,185,رفیع
555,13,185,هویزه
556,13,186,کوت عبداله
557,13,187,ترکالکی
558,13,187,جنت مکان
559,13,187,سماله
560,13,187,صالح شهر
561,13,187,گتوند
562,14,188,ابهر
563,14,188,صایین قلعه
564,14,188,هیدج
565,14,189,حلب
566,14,189,زرین آباد
567,14,190,زرین رود
568,14,190,سجاس
569,14,190,سهرورد
570,14,190,قیدار
571,14,190,نوربهار
572,14,190,کرسف
573,14,190,گرماب
574,14,191,خرمدره
575,14,192,ارمغانخانه
576,14,192,زنجان
577,14,192,نیک پی
578,14,193,سلطانیه
579,14,194,آب بر
580,14,194,چورزق
581,14,195,دندی
582,14,195,ماه نشان
583,15,196,آرادان
584,15,196,کهن آباد
585,15,197,امیریه
586,15,197,دامغان
587,15,197,دیباج
588,15,197,کلاته
589,15,198,سرخه
590,15,199,سمنان
591,15,200,بسطام
592,15,200,بیارجمند
593,15,200,رودیان
594,15,200,شاهرود
595,15,200,مجن
596,15,200,کلاته خیج
597,15,201,درجزین
598,15,201,شهمیرزاد
599,15,201,مهدی شهر
600,15,202,میامی
601,15,203,ایوانکی
602,15,203,گرمسار
603,16,204,ایرانشهر
604,16,204,بزمان
605,16,204,بمپور
606,16,204,محمدان
607,16,205,خاش
608,16,205,نوک آباد
609,16,206,گلمورتی
610,16,207,بنجار
611,16,207,زابل
612,16,208,زاهدان
613,16,208,نصرت آباد
614,16,209,زهک
615,16,210,جالق
616,16,210,سراوان
617,16,210,سیرکان
618,16,210,محمدی
619,16,210,گشت
620,16,211,راسک
621,16,211,سرباز
622,16,211,پیشین
623,16,212,سوران
624,16,212,هیدوچ
625,16,213,فنوج
626,16,214,قصرقند
627,16,215,مهرستان
628,16,216,میرجاوه
629,16,217,ادیمی
630,16,218,اسپکه
631,16,218,بنت
632,16,218,نیک شهر
633,16,219,شهرک علی اکبر
634,16,219,محمدآباد
635,16,220,دوست محمد
636,16,221,نگور
637,16,221,چابهار
638,16,222,زرآباد
639,16,222,کنارک
640,17,223,آباده
641,17,223,ایزدخواست
642,17,223,بهمن
643,17,223,سورمق
644,17,223,صغاد
645,17,224,ارسنجان
646,17,225,استهبان
647,17,225,ایج
648,17,225,رونیز
649,17,226,اقلید
650,17,226,حسن اباد
651,17,226,دژکرد
652,17,226,سده
653,17,227,بوانات
654,17,227,حسامی
655,17,227,مزایجان
656,17,227,کره ای
657,17,228,باب انار
658,17,228,جهرم
659,17,228,خاوران
660,17,228,دوزه
661,17,228,قطب آباد
662,17,229,خرامه
663,17,229,سلطان شهر
664,17,230,صفاشهر
665,17,230,قادراباد
666,17,231,خنج
667,17,232,جنت شهر
668,17,232,داراب
669,17,232,دوبرجی
670,17,232,فدامی
671,17,233,مصیری
672,17,233,کوپن
673,17,234,حاجی آباد
674,17,234,دبیران
675,17,234,شهرپیر
676,17,235,سروستان
677,17,235,کوهنجان
678,17,236,اردکان
679,17,236,بیضا
680,17,236,هماشهر
681,17,237,خانه زنیان
682,17,237,داریان
683,17,237,زرقان
684,17,237,شهرصدرا
685,17,237,شیراز
686,17,237,لپویی
687,17,238,دهرم
688,17,238,فراشبند
689,17,238,نوجین
690,17,239,زاهدشهر
691,17,239,ششده
692,17,239,فسا
693,17,239,قره بلاغ
694,17,239,میانشهر
695,17,239,نوبندگان
696,17,240,فیروزآباد
697,17,240,میمند
698,17,241,افزر
699,17,241,امام شهر
700,17,241,قیر
701,17,241,مبارک آباددیز
702,17,241,کارزین (فتح آباد)
703,17,242,اوز
704,17,242,بنارویه
705,17,242,بیرم
706,17,242,جویم
707,17,242,خور
708,17,242,عمادده
709,17,242,لار
710,17,242,لطیفی
711,17,243,اشکنان
712,17,243,اهل
713,17,243,علامرودشت
714,17,243,لامرد
715,17,244,خانیمن
716,17,244,رامجرد
717,17,244,سیدان
718,17,244,مرودشت
719,17,244,کامفیروز
720,17,245,بابامنیر
721,17,245,خومه زار
722,17,245,نورآباد
723,17,246,اسیر
724,17,246,خوزی
725,17,246,مهر
726,17,246,وراوی
727,17,246,گله دار
728,17,247,آباده طشک
729,17,247,قطرویه
730,17,247,مشکان
731,17,247,نی ریز
732,17,248,سعادت شهر
733,17,248,مادرسلیمان
734,17,249,بالاده
735,17,249,خشت
736,17,249,قایمیه
737,17,249,نودان
738,17,249,کازرون
739,17,249,کنارتخته
740,17,250,کوار
741,17,251,گراش
742,18,252,آبیک
743,18,252,خاکعلی
744,18,253,آبگرم
745,18,253,آوج
746,18,254,الوند
747,18,254,بیدستان
748,18,254,شریفیه
749,18,254,محمدیه
750,18,255,ارداق
751,18,255,بویین زهرا
752,18,255,دانسفهان
753,18,255,سگزآباد
754,18,255,شال
755,18,256,اسفرورین
756,18,256,تاکستان
757,18,256,خرمدشت
758,18,256,ضیاڈآباد
759,18,256,نرجه
760,18,257,اقبالیه
761,18,257,رازمیان
762,18,257,سیردان
763,18,257,قزوین
764,18,257,محمودآبادنمونه
765,18,257,معلم کلایه
766,18,257,کوهین
767,19,258,جعفریه
768,19,258,دستجرد
769,19,258,سلفچگان
770,19,258,قم
771,19,258,قنوات
772,19,258,کهک
773,26,259,ازنا
774,26,259,مومن آباد
775,26,260,الیگودرز
776,26,260,شول آباد
777,26,261,اشترینان
778,26,261,بروجرد
779,26,262,بیران شهر
780,26,262,خرم آباد
781,26,262,زاغه
782,26,262,سپیددشت
783,26,263,نورآباد
784,26,263,هفت چشمه
785,26,264,سراب دوره
786,26,264,ویسیان
787,26,265,دورود
788,26,265,چالانچولان
789,26,266,چقابل
790,26,267,الشتر
791,26,267,فیروزآباد
792,26,268,معمولان
793,26,268,پلدختر
794,26,269,درب گنبد
795,26,269,کوهدشت
796,26,269,کوهنانی
797,26,269,گراب
798,27,270,آمل
799,27,270,امامزاده عبدالله
800,27,270,دابودشت
801,27,270,رینه
802,27,270,گزنک
803,27,271,امیرکلا
804,27,271,بابل
805,27,271,خوش رودپی
806,27,271,زرگرمحله
807,27,271,مرزیکلا
808,27,271,گتاب
809,27,271,گلوگاه
810,27,272,بابلسر
811,27,272,بهنمیر
812,27,272,هادی شهر
813,27,273,بهشهر
814,27,273,خلیل شهر
815,27,273,رستمکلا
816,27,274,تنکابن
817,27,274,خرم آباد
818,27,274,شیرود
819,27,274,نشتارود
820,27,275,جویبار
821,27,275,کوهی خیل
822,27,276,رامسر
823,27,276,کتالم وسادات شهر
824,27,277,ساری
825,27,277,فریم
826,27,277,پایین هولار
827,27,277,کیاسر
828,27,278,آلاشت
829,27,278,زیرآب
830,27,278,پل سفید
831,27,279,شیرگاه
832,27,280,کیاکلا
833,27,281,سلمان شهر
834,27,281,عباس اباد
835,27,281,کلارآباد
836,27,282,فریدونکنار
837,27,283,ارطه
838,27,283,قایم شهر
839,27,284,سرخرود
840,27,284,محمودآباد
841,27,285,سورک
842,27,286,ایزدشهر
843,27,286,بلده
844,27,286,رویان
845,27,286,نور
846,27,286,چمستان
847,27,287,نوشهر
848,27,287,پول
849,27,287,کجور
850,27,288,نکا
851,27,289,مرزن آباد
852,27,289,هچیرود
853,27,289,چالوس
854,27,290,کلاردشت
855,27,291,گلوگاه
856,28,292,آشتیان
857,28,293,اراک
858,28,293,داودآباد
859,28,293,ساروق
860,28,293,کارچان
861,28,294,تفرش
862,28,295,خمین
863,28,295,قورچی باشی
864,28,296,جاورسیان
865,28,296,خنداب
866,28,297,دلیجان
867,28,297,نراق
868,28,298,خشکرود
869,28,298,رازقان
870,28,298,زاویه
871,28,298,مامونیه
872,28,298,پرندک
873,28,299,آوه
874,28,299,ساوه
875,28,299,غرق آباد
876,28,299,نوبران
877,28,300,آستانه
878,28,300,توره
879,28,300,شازند
880,28,300,شهباز
881,28,300,مهاجران
882,28,300,هندودر
883,28,301,خنجین
884,28,301,فرمهین
885,28,302,محلات
886,28,302,نیمور
887,28,303,میلاجرد
888,28,303,کمیجان
889,29,304,ابوموسی
890,29,305,بستک
891,29,305,جناح
892,29,306,سردشت
893,29,306,گوهران
894,29,307,بندرعباس
895,29,307,تازیان پایین
896,29,307,تخت
897,29,307,فین
898,29,307,قلعه قاضی
899,29,308,بندرلنگه
900,29,308,لمزان
901,29,308,چارک
902,29,308,کنگ
903,29,308,کیش
904,29,309,بندرجاسک
905,29,310,حاجی اباد
906,29,310,سرگز
907,29,310,فارغان
908,29,311,خمیر
909,29,311,رویدر
910,29,312,بیکاء
911,29,312,دهبارز
912,29,312,زیارتعلی
913,29,313,سیریک
914,29,313,کوهستک
915,29,313,گروک
916,29,314,درگهان
917,29,314,سوزا
918,29,314,قشم
919,29,314,هرمز
920,29,315,تیرور
921,29,315,سندرک
922,29,315,میناب
923,29,315,هشتبندی
924,29,316,دشتی
925,29,316,پارسیان
926,29,316,کوشکنار
927,30,317,آجین
928,30,317,اسدآباد
929,30,318,بهار
930,30,318,صالح آباد
931,30,318,لالجین
932,30,318,مهاجران
933,30,319,تویسرکان
934,30,319,سرکان
935,30,319,فرسفج
936,30,320,دمق
937,30,320,رزن
938,30,320,قروه درجزین
939,30,321,فامنین
940,30,322,ازندریان
941,30,322,جوکار
942,30,322,زنگنه
943,30,322,سامن
944,30,322,ملایر
945,30,323,برزول
946,30,323,فیروزان
947,30,323,نهاوند
948,30,323,گیان
949,30,324,جورقان
950,30,324,قهاوند
951,30,324,مریانج
952,30,324,همدان
953,30,325,شیرین سو
954,30,325,کبودرآهنگ
955,30,325,گل تپه
956,9,326,اردل
957,9,326,دشتک
958,9,326,سرخون
959,9,326,کاج
960,9,327,بروجن
961,9,327,بلداجی
962,9,327,سفیددشت
963,9,327,فرادبنه
964,9,327,نقنه
965,9,327,گندمان
966,9,328,بن
967,9,328,وردنجان
968,9,329,سامان
969,9,330,سودجان
970,9,330,سورشجان
971,9,330,شهرکرد
972,9,330,طاقانک
973,9,330,فرخ شهر
974,9,330,نافچ
975,9,330,هارونی
976,9,330,هفشجان
977,9,330,کیان
978,9,331,باباحیدر
979,9,331,جونقان
980,9,331,فارسان
981,9,331,پردنجان
982,9,331,چلیچه
983,9,331,گوجان
984,9,332,آلونی
985,9,332,سردشت
986,9,332,لردگان
987,9,332,مال خلیفه
988,9,332,منج
989,9,333,بازفت
990,9,333,صمصامی
991,9,333,چلگرد
992,9,334,دستنا
993,9,334,شلمزار
994,9,334,ناغان
995,9,334,گهرو
996,20,335,آرمرده
997,20,335,بانه
998,20,335,بویین سفلی
999,20,335,کانی سور
1000,20,336,بابارشانی
1001,20,336,بیجار
1002,20,336,توپ آغاج
1003,20,336,پیرتاج
1004,20,336,یاسوکند
1005,20,337,بلبان آباد
1006,20,337,دهگلان
1007,20,338,دیواندره
1008,20,338,زرینه
1009,20,339,اورامان تخت
1010,20,339,سروآباد
1011,20,340,سقز
1012,20,340,صاحب
1013,20,341,سنندج
1014,20,341,شویشه
1015,20,342,دزج
1016,20,342,دلبران
1017,20,342,سریش آباد
1018,20,342,قروه
1019,20,343,برده رشه
1020,20,343,مریوان
1021,20,343,چناره
1022,20,343,کانی دینار
1023,20,344,موچش
1024,20,344,کامیاران
1025,21,345,ارزوییه
1026,21,346,امین شهر
1027,21,346,انار
1028,21,347,بافت
1029,21,347,بزنجان
1030,21,348,بردسیر
1031,21,348,دشتکار
1032,21,348,لاله زار
1033,21,348,نگار
1034,21,348,گلزار
1035,21,349,بروات
1036,21,349,بم
1037,21,350,بلوک
1038,21,350,جبالبارز
1039,21,350,جیرفت
1040,21,350,درب بهشت
1041,21,351,رابر
1042,21,351,هنزا
1043,21,352,راور
1044,21,352,هجدک
1045,21,353,بهرمان
1046,21,353,رفسنجان
1047,21,353,صفاییه
1048,21,353,مس سرچشمه
1049,21,353,کشکوییه
1050,21,354,رودبار
1051,21,354,زهکلوت
1052,21,355,محمدآباد
1053,21,355,گنبکی
1054,21,356,خانوک
1055,21,356,ریحان
1056,21,356,زرند
1057,21,356,یزدان شهر
1058,21,357,بلورد
1059,21,357,خواجو شهر
1060,21,357,زیدآباد
1061,21,357,سیرجان
1062,21,357,نجف شهر
1063,21,357,هماشهر
1064,21,357,پاریز
1065,21,358,جوزم
1066,21,358,خاتون اباد
1067,21,358,خورسند
1068,21,358,دهج
1069,21,358,شهربابک
1070,21,359,دوساری
1071,21,359,عنبرآباد
1072,21,359,مردهک
1073,21,360,فاریاب
1074,21,361,فهرج
1075,21,362,قلعه گنج
1076,21,363,منوجان
1077,21,363,نودژ
1078,21,364,نرماشیر
1079,21,364,نظام شهر
1080,21,365,اختیارآباد
1081,21,365,اندوهجرد
1082,21,365,باغین
1083,21,365,جوپار
1084,21,365,راین
1085,21,365,زنگی آباد
1086,21,365,شهداد
1087,21,365,ماهان
1088,21,365,محی آباد
1089,21,365,چترود
1090,21,365,کاظم آباد
1091,21,365,کرمان
1092,21,365,گلباف
1093,21,366,کهنوج
1094,21,367,کوهبنان
1095,21,367,کیانشهر
1096,22,368,اسلام آبادغرب
1097,22,368,حمیل
1098,22,369,ازگله
1099,22,369,تازه آباد
1100,22,370,جوانرود
1101,22,371,ریجاب
1102,22,371,کرند
1103,22,371,گهواره
1104,22,372,روانسر
1105,22,372,شاهو
1106,22,373,سرپل ذهاب
1107,22,374,سطر
1108,22,374,سنقر
1109,22,375,صحنه
1110,22,375,میان راهان
1111,22,376,سومار
1112,22,376,قصرشیرین
1113,22,377,بیستون
1114,22,377,هرسین
1115,22,378,بانوره
1116,22,378,باینگان
1117,22,378,نودشه
1118,22,378,نوسود
1119,22,378,پاوه
1120,22,379,رباط
1121,22,379,هلشی
1122,22,379,کرمانشاه
1123,22,379,کوزران
1124,22,380,کنگاور
1125,22,380,گودین
1126,22,381,سرمست
1127,22,381,گیلانغرب
1128,23,382,باشت
1129,23,383,لیکک
1130,23,384,مادوان
1131,23,384,مارگون
1132,23,384,چیتاب
1133,23,384,گراب سفلی
1134,23,384,یاسوج
1135,23,385,سی سخت
1136,23,385,پاتاوه
1137,23,386,لنده
1138,23,387,سرفاریاب
1139,23,387,چرام
1140,23,388,دهدشت
1141,23,388,دیشموک
1142,23,388,سوق
1143,23,388,قلعه رییسی
1144,23,389,دوگنبدان
1145,24,390,آزادشهر
1146,24,390,نوده خاندوز
1147,24,390,نگین شهر
1148,24,391,آق قلا
1149,24,391,انبارآلوم
1150,24,392,بندرگز
1151,24,392,نوکنده
1152,24,393,بندرترکمن
1153,24,394,تاتارعلیا
1154,24,394,خان ببین
1155,24,394,دلند
1156,24,394,رامیان
1157,24,395,سنگدوین
1158,24,395,علی اباد
1159,24,395,فاضل آباد
1160,24,395,مزرعه
1161,24,396,مراوه
1162,24,397,مینودشت
1163,24,398,کردکوی
1164,24,399,فراغی
1165,24,399,کلاله
1166,24,400,گالیکش
1167,24,401,جلین
1168,24,401,سرخنکلاته
1169,24,401,گرگان
1170,24,402,سیمین شهر
1171,24,402,گمیش تپه
1172,24,403,اینچه برون
1173,24,403,گنبدکاووس
1174,25,404,آستارا
1175,25,404,لوندویل
1176,25,405,آستانه اشرفیه
1177,25,405,کیاشهر
1178,25,406,املش
1179,25,406,رانکوه
1180,25,407,بندرانزلی
1181,25,408,خشکبیجار
1182,25,408,خمام
1183,25,408,رشت
1184,25,408,سنگر
1185,25,408,لشت نشاء
1186,25,408,لولمان
1187,25,408,کوچصفهان
1188,25,409,رضوانشهر
1189,25,409,پره سر
1190,25,410,بره سر
1191,25,410,توتکابن
1192,25,410,جیرنده
1193,25,410,رستم آباد
1194,25,410,رودبار
1195,25,410,لوشان
1196,25,410,منجیل
1197,25,411,رحیم آباد
1198,25,411,رودسر
1199,25,411,واجارگاه
1200,25,411,چابکسر
1201,25,411,کلاچای
1202,25,412,دیلمان
1203,25,412,سیاهکل
1204,25,413,احمدسرگوراب
1205,25,413,شفت
1206,25,414,صومعه سرا
1207,25,414,مرجقل
1208,25,414,گوراب زرمیخ
1209,25,415,اسالم
1210,25,415,حویق
1211,25,415,لیسار
1212,25,415,هشتپر (تالش)
1213,25,415,چوبر
1214,25,416,فومن
1215,25,416,ماسوله
1216,25,416,ماکلوان
1217,25,417,رودبنه
1218,25,417,لاهیجان
1219,25,418,اطاقور
1220,25,418,شلمان
1221,25,418,لنگرود
1222,25,418,چاف و چمخاله
1223,25,418,کومله
1224,25,419,بازار جمعه
1225,25,419,ماسال
1226,31,420,ابرکوه
1227,31,420,مهردشت
1228,31,421,احمدآباد
1229,31,421,اردکان
1230,31,421,عقدا
1231,31,422,اشکذر
1232,31,422,خضرآباد
1233,31,423,بافق
1234,31,424,بهاباد
1235,31,425,تفت
1236,31,425,نیر
1237,31,426,مروست
1238,31,426,هرات
1239,31,427,مهریز
1240,31,428,بفروییه
1241,31,428,میبد
1242,31,428,ندوشن
1243,31,429,حمیدیا
1244,31,429,زارچ
1245,31,429,شاهدیه
1246,31,429,یزد
